Days,Date,0_CurrentlyInfected,1_DeathRate,2_RecoveryRate,3_Cases,4_DailyCases,5_DailyCases- 3-daymovingaverage,6_DailyCases- 7-daymovingaverage,7_CurrentlyInfected,8_Deaths,9_DailyDeaths,10_DailyDeaths- 3-daymovingaverage,11_DailyDeaths- 7-daymovingaverage,12_NewRecoveries,13_NewCases,14_DeathRate,15_RecoveryRate
0,"Feb 15, 2020",3,0.000,0.000,3,0,0,0,3,0,0,0,0,0,0,0.000,0.000
1,"Feb 16, 2020",3,0.000,0.000,3,0,0,0,3,0,0,0,0,0,0,0.000,0.000
2,"Feb 17, 2020",3,0.000,0.000,3,0,0,0,3,0,0,0,0,0,0,0.000,0.000
3,"Feb 18, 2020",3,0.000,0.000,3,0,0,0,3,0,0,0,0,0,0,0.000,0.000
4,"Feb 19, 2020",3,0.000,0.000,3,0,0,0,3,0,0,0,0,0,0,0.000,0.000
5,"Feb 20, 2020",4,0.000,0.000,4,1,0,0,4,0,0,0,0,0,1,0.000,0.000
6,"Feb 21, 2020",19,50.000,50.000,21,17,6,3,19,1,1,0,0,1,17,50.000,50.000
7,"Feb 22, 2020",75,50.000,50.000,79,58,26,11,75,2,1,0,0,1,58,50.000,50.000
8,"Feb 23, 2020",152,60.000,40.000,157,78,51,22,152,3,1,1,0,0,78,60.000,40.000
9,"Feb 24, 2020",220,77.780,22.220,229,72,69,32,220,7,4,2,1,0,72,77.780,22.220
10,"Feb 25, 2020",310,84.620,15.380,323,94,81,46,310,11,4,3,1,0,94,84.620,15.380
11,"Feb 26, 2020",455,80.000,20.000,470,147,105,66,455,12,1,3,2,1,147,80.000,20.000
12,"Feb 27, 2020",593,27.420,72.580,655,185,142,93,593,17,5,3,3,42,185,27.420,72.580
13,"Feb 28, 2020",822,31.340,68.660,889,234,188,124,822,21,4,4,2,1,234,31.340,68.660
14,"Feb 29, 2020",1049,36.710,63.290,1128,239,220,150,1049,29,8,5,4,4,239,36.710,63.290
15,"Mar 01, 2020",1578,33.060,66.940,1702,574,349,221,1578,41,12,8,6,33,574,33.060,66.940
16,"Mar 02, 2020",1837,25.870,74.130,2038,336,383,258,1837,52,11,11,6,66,336,25.870,74.130
17,"Mar 03, 2020",2265,33.050,66.950,2504,466,458,312,2265,79,27,16,10,11,466,33.050,66.950
18,"Mar 04, 2020",2709,27.940,72.060,3092,588,464,374,2709,107,28,22,13,116,588,27.940,72.060
19,"Mar 05, 2020",3299,26.330,73.670,3861,769,607,458,3299,148,41,32,19,138,769,26.330,73.670
20,"Mar 06, 2020",3919,27.360,72.640,4639,778,712,536,3919,197,49,40,25,109,778,27.360,72.640
21,"Mar 07, 2020",5064,28.350,71.650,5886,1247,931,680,5064,233,36,42,29,66,1247,28.350,71.650
22,"Mar 08, 2020",6391,37.110,62.890,7380,1494,1173,811,6391,367,134,73,47,33,1494,37.110,62.890
23,"Mar 09, 2020",7991,39.060,60.940,9179,1799,1514,1020,7991,464,97,89,59,102,1799,39.060,60.940
24,"Mar 10, 2020",8518,38.640,61.360,10156,977,1423,1093,8518,633,169,133,79,281,977,38.640,61.360
25,"Mar 11, 2020",10593,44.240,55.760,12469,2313,1696,1340,10593,830,197,154,103,41,2313,44.240,55.760
26,"Mar 12, 2020",12842,44.740,55.260,15122,2653,1981,1609,12842,1020,190,186,125,214,2653,44.740,55.260
27,"Mar 13, 2020",14958,46.870,53.130,17670,2548,2505,1861,14958,1271,251,212,153,181,2548,46.870,53.130
28,"Mar 14, 2020",17753,42.360,57.640,21169,3499,2900,2183,17753,1447,176,206,174,528,3499,42.360,57.640
29,"Mar 15, 2020",20607,43.710,56.290,24762,3593,3213,2484,20607,1816,369,265,207,370,3593,43.710,56.290
30,"Mar 16, 2020",23077,44.020,55.980,27997,3235,3443,2688,23077,2166,350,299,243,415,3235,44.020,55.980
31,"Mar 17, 2020",26066,46.020,53.980,31524,3527,3451,3052,26066,2512,346,355,268,192,3527,46.020,53.980
32,"Mar 18, 2020",28711,42.560,57.440,35732,4208,3657,3324,28711,2988,476,390,309,1087,4208,42.560,57.440
33,"Mar 19, 2020",33191,43.430,56.570,41056,5324,4353,3705,33191,3416,428,417,342,416,5324,43.430,56.570
34,"Mar 20, 2020",37859,44.040,55.960,47044,5988,5173,4196,37859,4045,629,511,396,691,5988,44.040,55.960
35,"Mar 21, 2020",42672,44.310,55.690,53598,6554,5956,4633,42672,4841,796,618,485,945,6554,44.310,55.690
36,"Mar 22, 2020",46625,43.840,56.160,59158,5560,6034,4913,46625,5494,653,692,525,954,5560,43.840,56.160
37,"Mar 23, 2020",50396,45.010,54.990,63941,4783,5632,5135,50396,6097,603,684,562,409,4783,45.010,54.990
38,"Mar 24, 2020",53995,45.050,54.950,69181,5240,5194,5380,53995,6842,745,667,619,896,5240,45.050,54.950
39,"Mar 25, 2020",57469,44.510,55.490,74379,5198,5074,5521,57469,7527,685,678,648,1039,5198,44.510,55.490
40,"Mar 26, 2020",61956,44.250,55.750,80581,6202,5547,5646,61956,8241,714,715,689,1001,6202,44.250,55.750
41,"Mar 27, 2020",66352,45.500,54.500,86488,5907,5769,5635,66352,9162,921,773,731,590,5907,45.500,54.500
42,"Mar 28, 2020",69997,44.750,55.250,92461,5973,6027,5552,69997,10053,891,842,745,1437,5973,44.750,55.250
43,"Mar 29, 2020",73806,45.290,54.710,97676,5215,5698,5502,73806,10811,758,857,759,648,5215,45.290,54.710
44,"Mar 30, 2020",75444,44.240,55.760,101723,4047,5079,5398,75444,11626,815,821,790,1594,4047,44.240,55.760
45,"Mar 31, 2020",77545,44.160,55.840,105776,4053,4438,5228,77545,12466,840,804,804,1112,4053,44.160,55.840
46,"Apr 01, 2020",80478,43.860,56.140,110559,4783,4294,5168,80478,13195,729,795,809,1121,4783,43.860,56.140
47,"Apr 02, 2020",82951,43.240,56.760,115228,4669,4502,4950,82951,13957,762,777,817,1434,4669,43.240,56.760
48,"Apr 03, 2020",85283,42.650,57.350,119813,4585,4679,4761,85283,14726,769,753,795,1484,4585,42.650,57.350
49,"Apr 04, 2020",88166,42.270,57.730,124620,4807,4687,4594,88166,15409,683,738,765,1241,4807,42.270,57.730
50,"Apr 05, 2020",91137,42.150,57.850,128938,4318,4570,4466,91137,15935,526,660,732,821,4318,42.150,57.850
51,"Apr 06, 2020",93074,42.000,58.000,132537,3599,4241,4402,93074,16573,638,615,707,1024,3599,42.000,58.000
52,"Apr 07, 2020",93946,41.270,58.730,135574,3037,3652,4257,93946,17179,606,590,673,1559,3037,41.270,58.730
53,"Apr 08, 2020",95133,40.030,59.970,139408,3834,3490,4121,95133,17722,543,596,647,2104,3834,40.030,59.970
54,"Apr 09, 2020",96741,39.120,60.880,143612,4204,3691,4055,96741,18334,612,587,625,1984,4204,39.120,60.880
55,"Apr 10, 2020",98129,38.250,61.750,147562,3950,3996,3964,98129,18906,572,576,597,1990,3950,38.250,61.750
56,"Apr 11, 2020",100121,37.450,62.550,152259,4697,4284,3948,100121,19527,621,601,588,2084,4697,37.450,62.550
57,"Apr 12, 2020",102102,36.790,63.210,156353,4094,4247,3917,102102,19959,432,542,575,1681,4094,36.790,63.210
58,"Apr 13, 2020",103460,36.630,63.370,159506,3153,3981,3852,103460,20527,568,540,565,1227,3153,36.630,63.370
59,"Apr 14, 2020",104130,36.210,63.790,162479,2973,3407,3844,104130,21131,604,535,565,1699,2973,36.210,63.790
60,"Apr 15, 2020",105252,36.250,63.750,165145,2666,2931,3677,105252,21711,580,584,570,964,2666,36.250,63.750
61,"Apr 16, 2020",106436,35.580,64.420,168932,3787,3142,3617,106436,22237,526,570,557,2077,3787,35.580,64.420
62,"Apr 17, 2020",106795,34.740,65.260,172426,3494,3315,3552,106795,22803,566,557,557,2569,3494,34.740,65.260
63,"Apr 18, 2020",107597,34.080,65.920,175918,3492,3591,3380,107597,23286,483,525,537,2207,3492,34.080,65.920
64,"Apr 19, 2020",108077,33.460,66.540,178965,3047,3345,3230,108077,23720,434,495,537,2133,3047,33.460,66.540
65,"Apr 20, 2020",108047,33.040,66.960,181216,2251,2930,3101,108047,24175,455,457,521,1826,2251,33.040,66.960
66,"Apr 21, 2020",107509,32.330,67.670,183943,2727,2675,3067,107509,24710,535,475,512,2730,2727,32.330,67.670
67,"Apr 22, 2020",107491,31.510,68.490,187313,3370,2782,3167,107491,25148,438,476,491,2950,3370,31.510,68.490
68,"Apr 23, 2020",106630,30.740,69.260,189957,2644,2914,3003,106630,25613,465,479,482,3040,2644,30.740,69.260
69,"Apr 24, 2020",106302,30.040,69.960,192979,3022,3012,2936,106302,26034,421,441,461,2929,3022,30.040,69.960
70,"Apr 25, 2020",105615,29.480,70.520,195336,2357,2674,2774,105615,26450,416,434,452,2628,2357,29.480,70.520
71,"Apr 26, 2020",105867,29.100,70.900,197661,2325,2568,2671,105867,26711,261,366,428,1812,2325,29.100,70.900
72,"Apr 27, 2020",105571,28.820,71.180,199399,1738,2140,2598,105571,27045,334,337,410,1700,1738,28.820,71.180
73,"Apr 28, 2020",104957,28.410,71.590,201491,2092,2052,2507,104957,27428,383,326,388,2323,2092,28.410,71.590
74,"Apr 29, 2020",104403,27.980,72.020,203577,2086,1972,2323,104403,27751,323,347,372,2317,2086,27.980,72.020
75,"Apr 30, 2020",101286,26.920,73.080,205449,1872,2017,2213,101286,28036,285,330,346,4704,1872,26.920,73.080
76,"May 01, 2020",100672,26.520,73.480,207415,1966,1974,2062,100672,28306,270,293,325,2310,1966,26.520,73.480
77,"May 02, 2020",100428,26.430,73.570,209315,1900,1913,1997,100428,28781,475,343,333,1669,1900,26.430,73.570
78,"May 03, 2020",99898,26.130,73.870,210704,1389,1752,1864,99898,28956,175,307,320,1744,1389,26.130,73.870
79,"May 04, 2020",99696,25.980,74.020,211926,1222,1503,1789,99696,29152,196,282,301,1228,1222,25.980,74.020
80,"May 05, 2020",98176,25.590,74.410,213001,1075,1229,1645,98176,29389,237,203,280,2358,1075,25.590,74.410
81,"May 06, 2020",91218,24.150,75.850,214446,1445,1247,1552,91218,29759,370,267,287,8033,1445,24.150,75.850
82,"May 07, 2020",89307,23.730,76.270,215848,1402,1308,1486,89307,30034,275,294,286,3038,1402,23.730,76.270
83,"May 08, 2020",87637,23.370,76.630,217176,1328,1391,1394,87637,30278,244,297,281,2754,1328,23.370,76.630
84,"May 09, 2020",84507,22.780,77.220,218259,1083,1271,1278,84507,30473,195,238,242,4018,1083,22.780,77.220
85,"May 10, 2020",82983,22.520,77.480,219061,802,1071,1194,82983,30639,166,201,241,2160,802,22.520,77.480
86,"May 11, 2020",82144,22.390,77.610,219806,745,877,1126,82144,30819,180,181,238,1404,745,22.390,77.610
87,"May 12, 2020",80916,22.090,77.910,221209,1403,983,1172,80916,30992,173,173,229,2458,1403,22.090,77.910
88,"May 13, 2020",78098,21.660,78.340,222097,888,1012,1093,78098,31188,196,183,204,3510,888,21.660,78.340
89,"May 14, 2020",76074,21.390,78.610,223090,993,1095,1035,76074,31451,263,210,202,2754,993,21.390,78.610
90,"May 15, 2020",71691,20.830,79.170,223879,789,890,957,71691,31694,243,234,203,4929,789,20.830,79.170
91,"May 16, 2020",69801,20.550,79.450,224754,875,886,928,69801,31848,154,220,196,2611,875,20.550,79.450
92,"May 17, 2020",67958,20.320,79.680,225429,675,779,910,67958,31994,146,181,194,2372,675,20.320,79.680
93,"May 18, 2020",66155,20.090,79.910,225880,451,667,868,66155,32093,99,133,182,2155,451,20.090,79.910
94,"May 19, 2020",64725,19.920,80.080,226693,813,647,783,64725,32256,163,136,180,2080,813,19.920,80.080
95,"May 20, 2020",62340,19.650,80.350,227358,665,643,752,62340,32418,162,142,176,2888,665,19.650,80.350
96,"May 21, 2020",60542,19.450,80.550,228001,643,707,701,60542,32575,157,160,160,2284,643,19.450,80.550
97,"May 22, 2020",58899,19.270,80.730,228654,653,653,682,58899,32706,131,150,145,2165,653,19.270,80.730
98,"May 23, 2020",57324,19.080,80.920,229324,670,656,653,57324,32826,120,136,140,2125,670,19.080,80.920
99,"May 24, 2020",56163,18.930,81.070,229856,532,618,633,56163,32876,50,101,126,1643,532,18.930,81.070
100,"May 25, 2020",54865,18.810,81.190,230156,300,501,610,54865,32968,92,87,125,1506,300,18.810,81.190
101,"May 26, 2020",52501,18.560,81.440,230553,397,409,552,52501,33046,78,73,113,2683,397,18.560,81.440
102,"May 27, 2020",50519,18.360,81.640,231138,585,428,540,50519,33164,118,96,106,2449,585,18.360,81.640
103,"May 28, 2020",47529,18.040,81.960,231732,594,525,533,47529,33234,70,89,94,3514,594,18.040,81.960
104,"May 29, 2020",45714,17.860,82.140,232249,517,565,513,45714,33321,87,92,88,2245,517,17.860,82.140
105,"May 30, 2020",43223,17.650,82.350,232666,417,510,478,43223,33433,112,89,87,2796,417,17.650,82.350
106,"May 31, 2020",41603,17.510,82.490,233000,334,422,449,41603,33508,75,92,90,1879,334,17.510,82.490
107,"Jun 01, 2020",40893,17.460,82.540,233200,200,317,435,40893,33568,60,82,86,850,200,17.460,82.540
108,"Jun 02, 2020",39416,17.320,82.680,233519,319,285,424,39416,33623,55,63,82,1741,319,17.320,82.680
109,"Jun 03, 2020",38819,17.280,82.720,233841,322,280,386,38819,33694,71,62,76,848,322,17.280,82.720
110,"Jun 04, 2020",37949,17.230,82.770,234018,177,273,326,37949,33782,88,72,78,959,177,17.230,82.770
111,"Jun 05, 2020",36492,17.100,82.900,234537,519,339,327,36492,33867,85,81,78,1891,519,17.100,82.900
112,"Jun 06, 2020",35390,17.020,82.980,234807,270,322,306,35390,33939,72,82,73,1300,270,17.020,82.980
113,"Jun 07, 2020",34773,16.980,83.020,235004,197,329,286,34773,33992,53,70,69,761,197,16.980,83.020
114,"Jun 08, 2020",34239,16.940,83.060,235284,280,249,298,34239,34057,65,63,70,749,280,16.940,83.060
115,"Jun 09, 2020",32376,16.800,83.200,235567,283,253,293,32376,34136,79,66,73,2067,283,16.800,83.200
116,"Jun 10, 2020",31211,16.720,83.280,235769,202,255,275,31211,34207,71,71,73,1296,202,16.720,83.280
117,"Jun 11, 2020",30136,16.630,83.370,236149,380,288,304,30136,34260,53,68,68,1402,380,16.630,83.370
118,"Jun 12, 2020",28492,16.510,83.490,236312,163,249,254,28492,34316,56,60,65,1751,163,16.510,83.490
119,"Jun 13, 2020",26977,16.400,83.600,236659,347,296,265,26977,34394,78,62,65,1784,347,16.400,83.600
120,"Jun 14, 2020",25761,16.300,83.700,236996,337,283,284,25761,34438,44,60,63,1509,337,16.300,83.700
121,"Jun 15, 2020",25394,16.260,83.740,237297,301,328,288,25394,34464,26,49,58,642,301,16.260,83.740
122,"Jun 16, 2020",24050,16.160,83.840,237507,210,283,277,24050,34498,34,35,52,1520,210,16.160,83.840
123,"Jun 17, 2020",23405,16.110,83.890,237836,329,280,295,23405,34541,43,34,48,931,329,16.110,83.890
124,"Jun 18, 2020",22579,16.050,83.950,238168,332,290,289,22579,34607,66,48,49,1092,332,16.050,83.950
125,"Jun 19, 2020",21417,15.970,84.030,238419,251,304,301,21417,34654,47,52,49,1366,251,15.970,84.030
126,"Jun 20, 2020",21085,15.950,84.050,238683,264,282,289,21085,34703,49,54,44,547,264,15.950,84.050
127,"Jun 21, 2020",20844,15.930,84.070,238907,224,247,273,20844,34727,24,40,41,441,224,15.930,84.070
128,"Jun 22, 2020",20508,15.900,84.100,239128,221,236,261,20508,34750,23,32,41,534,221,15.900,84.100
129,"Jun 23, 2020",19441,15.820,84.180,239241,113,186,248,19441,34768,18,21,39,1162,113,15.820,84.180
130,"Jun 24, 2020",18522,15.750,84.250,239431,190,175,228,18522,34798,30,24,36,1079,190,15.750,84.250
131,"Jun 25, 2020",18170,15.720,84.280,239727,296,199,223,18170,34832,34,27,32,614,296,15.720,84.280
132,"Jun 26, 2020",17505,15.670,84.330,239982,255,247,223,17505,34862,30,32,30,890,255,15.670,84.330
133,"Jun 27, 2020",16703,15.610,84.390,240157,175,242,210,16703,34870,8,24,24,969,175,15.610,84.390
134,"Jun 28, 2020",16548,15.590,84.410,240331,174,202,204,16548,34892,22,20,24,307,174,15.590,84.410
135,"Jun 29, 2020",16363,15.570,84.430,240457,126,158,190,16363,34898,6,12,21,305,126,15.570,84.430
136,"Jun 30, 2020",15430,15.510,84.490,240599,142,147,194,15430,34921,23,17,22,1052,142,15.510,84.490
137,"Jul 01, 2020",15122,15.480,84.520,240781,182,150,193,15122,34942,21,16,20,469,182,15.480,84.520
138,"Jul 02, 2020",14927,15.470,84.530,240982,201,175,179,14927,34972,30,25,20,366,201,15.470,84.530
139,"Jul 03, 2020",14751,15.450,84.550,241205,223,202,175,14751,34987,15,22,18,384,223,15.450,84.550
140,"Jul 04, 2020",14488,15.430,84.570,241440,235,220,183,14488,35008,21,22,20,477,235,15.430,84.570
141,"Jul 05, 2020",14509,15.420,84.580,241632,192,217,186,14509,35015,7,14,17,164,192,15.420,84.580
142,"Jul 06, 2020",14576,15.410,84.590,241840,208,211,197,14576,35023,8,12,18,133,208,15.410,84.590
143,"Jul 07, 2020",14109,15.380,84.620,241977,137,179,197,14109,35053,30,15,19,574,137,15.380,84.620
144,"Jul 08, 2020",13462,15.330,84.670,242170,193,180,199,13462,35068,15,18,18,825,193,15.330,84.670
145,"Jul 09, 2020",13326,15.310,84.690,242384,214,181,200,13326,35080,12,19,15,338,214,15.310,84.690
146,"Jul 10, 2020",13295,15.300,84.700,242660,276,228,208,13295,35092,12,13,15,295,276,15.300,84.700
147,"Jul 11, 2020",13170,15.280,84.720,242848,188,226,201,13170,35099,7,10,13,306,188,15.280,84.720
148,"Jul 12, 2020",13046,15.260,84.740,243082,234,232,207,13046,35108,9,10,14,349,234,15.260,84.740
149,"Jul 13, 2020",13024,15.250,84.750,243251,169,197,202,13024,35121,13,9,14,178,169,15.250,84.750
150,"Jul 14, 2020",12786,15.240,84.760,243365,114,173,198,12786,35138,17,13,12,335,114,15.240,84.760
151,"Jul 15, 2020",12360,15.210,84.790,243527,162,148,194,12360,35151,13,15,12,575,162,15.210,84.790
152,"Jul 16, 2020",12340,15.200,84.800,243757,230,169,196,12340,35171,20,16,13,230,230,15.200,84.800
153,"Jul 17, 2020",12323,15.190,84.810,243988,231,207,190,12323,35182,11,15,13,237,231,15.190,84.810
154,"Jul 18, 2020",12235,15.170,84.830,244237,249,237,198,12235,35196,14,15,13,323,249,15.170,84.830
155,"Jul 19, 2020",12307,15.160,84.840,244455,218,233,196,12307,35199,3,9,13,143,218,15.160,84.840
156,"Jul 20, 2020",12271,15.150,84.850,244645,190,219,199,12271,35212,13,10,13,213,190,15.150,84.850
157,"Jul 21, 2020",12115,15.140,84.860,244773,128,178,201,12115,35227,15,11,13,269,128,15.140,84.860
158,"Jul 22, 2020",12189,15.130,84.870,245053,280,200,218,12189,35236,9,12,12,197,280,15.130,84.870
159,"Jul 23, 2020",12271,15.120,84.880,245359,306,238,229,12271,35246,10,11,11,214,306,15.120,84.880
160,"Jul 24, 2020",12168,15.100,84.900,245611,252,279,232,12168,35251,5,8,10,350,252,15.100,84.900
161,"Jul 25, 2020",12308,15.090,84.910,245884,273,277,235,12308,35256,5,7,8,128,273,15.090,84.910
162,"Jul 26, 2020",12429,15.090,84.910,246136,252,259,241,12429,35261,5,5,9,126,252,15.090,84.910
163,"Jul 27, 2020",12447,15.080,84.920,246306,170,232,237,12447,35266,5,5,8,147,170,15.080,84.920
164,"Jul 28, 2020",12454,15.070,84.930,246487,181,201,245,12454,35277,11,7,7,163,181,15.070,84.930
165,"Jul 29, 2020",12462,15.060,84.940,246776,289,213,246,12462,35283,6,7,7,275,289,15.060,84.940
166,"Jul 30, 2020",12076,15.010,84.990,247158,382,284,257,12076,35286,3,7,6,765,382,15.010,84.990
167,"Jul 31, 2020",12268,15.000,85.000,247537,379,350,275,12268,35295,9,6,6,178,379,15.000,85.000
168,"Aug 01, 2020",12303,14.990,85.010,247832,295,352,278,12303,35300,5,6,6,255,295,14.990,85.010
169,"Aug 02, 2020",12302,14.980,85.020,248070,238,304,277,12302,35308,8,7,7,231,238,14.980,85.020
170,"Aug 03, 2020",12320,14.970,85.030,248229,159,231,274,12320,35320,12,8,8,129,159,14.970,85.030
171,"Aug 04, 2020",12328,14.960,85.040,248419,190,195,276,12328,35325,5,9,6,177,190,14.960,85.040
172,"Aug 05, 2020",12492,14.950,85.050,248803,384,245,290,12492,35335,10,9,8,210,384,14.950,85.050
173,"Aug 06, 2020",12540,14.930,85.070,249204,401,325,292,12540,35341,6,7,8,347,401,14.930,85.070
174,"Aug 07, 2020",12770,14.910,85.090,249756,552,445,317,12770,35344,3,6,7,319,552,14.910,85.090
175,"Aug 08, 2020",12799,14.900,85.100,250103,347,434,325,12799,35357,13,7,8,305,347,14.900,85.100
176,"Aug 09, 2020",13109,14.890,85.110,250566,463,454,356,13109,35359,2,6,7,151,463,14.890,85.110
177,"Aug 10, 2020",13214,14.880,85.120,250825,259,356,371,13214,35363,4,7,6,150,259,14.880,85.120
178,"Aug 11, 2020",13407,14.870,85.130,251237,412,378,403,13407,35369,6,4,7,213,412,14.870,85.130
179,"Aug 12, 2020",13637,14.860,85.140,251713,476,382,415,13637,35379,10,6,6,236,476,14.860,85.140
180,"Aug 13, 2020",13927,14.850,85.150,252235,522,470,433,13927,35385,6,8,6,226,522,14.850,85.150
181,"Aug 14, 2020",14095,14.820,85.180,252809,574,524,436,14095,35388,3,6,6,403,574,14.820,85.180
182,"Aug 15, 2020",14404,14.810,85.190,253436,627,575,477,14404,35392,4,4,5,314,627,14.810,85.190
183,"Aug 16, 2020",14733,14.800,85.200,253915,479,560,478,14733,35396,4,4,6,146,479,14.800,85.200
184,"Aug 17, 2020",14867,14.790,85.210,254235,320,475,487,14867,35400,4,4,5,182,320,14.790,85.210
185,"Aug 18, 2020",15089,14.780,85.220,254636,401,400,486,15089,35405,5,4,5,174,401,14.780,85.220
186,"Aug 19, 2020",15360,14.760,85.240,255278,642,454,509,15360,35412,7,6,5,364,642,14.760,85.240
187,"Aug 20, 2020",16014,14.750,85.250,256118,840,628,555,16014,35418,6,6,5,180,840,14.750,85.250
188,"Aug 21, 2020",16678,14.740,85.260,257065,947,810,608,16678,35427,9,7,5,274,947,14.740,85.260
189,"Aug 22, 2020",17503,14.720,85.280,258136,1071,952,671,17503,35430,3,6,6,243,1071,14.720,85.280
190,"Aug 23, 2020",18438,14.710,85.290,259345,1209,1076,776,18438,35437,7,6,5,267,1209,14.710,85.290
191,"Aug 24, 2020",19194,14.700,85.300,260297,952,1077,866,19194,35441,4,5,6,192,952,14.700,85.300
192,"Aug 25, 2020",19713,14.680,85.320,261173,876,1013,934,19713,35445,4,5,6,353,876,14.680,85.320
193,"Aug 26, 2020",20751,14.660,85.340,262538,1365,1064,1037,20751,35458,13,7,7,314,1365,14.660,85.340
194,"Aug 27, 2020",21930,14.650,85.350,263947,1409,1217,1118,21930,35463,5,7,6,225,1409,14.650,85.350
195,"Aug 28, 2020",23035,14.640,85.360,265409,1462,1412,1192,23035,35472,9,9,6,348,1462,14.640,85.360
196,"Aug 29, 2020",24156,14.620,85.380,266853,1444,1438,1246,24156,35473,1,5,7,322,1444,14.620,85.380
197,"Aug 30, 2020",25205,14.600,85.400,268218,1365,1424,1267,25205,35477,4,5,5,312,1365,14.600,85.400
198,"Aug 31, 2020",26081,14.590,85.410,269217,999,1269,1274,26081,35483,6,4,6,117,999,14.590,85.410
199,"Sep 01, 2020",26766,14.580,85.420,270201,984,1116,1290,26766,35491,8,6,7,291,984,14.580,85.420
200,"Sep 02, 2020",27835,14.570,85.430,271533,1332,1105,1285,27835,35497,6,6,5,257,1332,14.570,85.430
201,"Sep 03, 2020",28938,14.550,85.450,272935,1402,1239,1284,28938,35507,10,8,7,289,1402,14.550,85.450
202,"Sep 04, 2020",30128,14.520,85.480,274673,1738,1491,1324,30128,35518,11,9,6,537,1738,14.520,85.480
203,"Sep 05, 2020",31229,14.500,85.500,276373,1700,1613,1360,31229,35534,16,13,9,583,1700,14.500,85.500
204,"Sep 06, 2020",32120,14.470,85.530,277676,1303,1581,1351,32120,35541,7,11,9,405,1303,14.470,85.530
205,"Sep 07, 2020",32992,14.460,85.540,278783,1107,1370,1366,32992,35553,12,12,10,223,1107,14.460,85.540
206,"Sep 08, 2020",33785,14.440,85.560,280149,1366,1258,1421,33785,35563,10,9,10,563,1366,14.440,85.560
207,"Sep 09, 2020",34734,14.410,85.590,281583,1434,1303,1436,34734,35577,14,12,12,471,1434,14.410,85.590
208,"Sep 10, 2020",35708,14.380,85.620,283180,1597,1465,1464,35708,35587,10,12,11,613,1597,14.380,85.620
209,"Sep 11, 2020",36767,14.350,85.650,284796,1616,1549,1446,36767,35597,10,11,12,547,1616,14.350,85.650
210,"Sep 12, 2020",37501,14.310,85.690,286295,1499,1571,1417,37501,35603,6,9,9,759,1499,14.310,85.690
211,"Sep 13, 2020",38509,14.290,85.710,287753,1458,1524,1440,38509,35610,7,7,10,443,1458,14.290,85.710
212,"Sep 14, 2020",39187,14.270,85.730,288761,1008,1322,1425,39187,35624,14,9,10,316,1008,14.270,85.730
213,"Sep 15, 2020",39712,14.240,85.760,289990,1229,1232,1406,39712,35633,9,10,10,695,1229,14.240,85.760
214,"Sep 16, 2020",40530,14.210,85.790,291440,1450,1229,1408,40530,35645,12,12,10,620,1450,14.210,85.790
215,"Sep 17, 2020",41413,14.170,85.830,293025,1585,1421,1407,41413,35658,13,11,10,689,1585,14.170,85.830
216,"Sep 18, 2020",42456,14.130,85.870,294931,1906,1647,1448,42456,35668,10,12,10,853,1906,14.130,85.870
217,"Sep 19, 2020",43161,14.080,85.920,296569,1638,1710,1467,43161,35692,24,16,13,909,1638,14.080,85.920
218,"Sep 20, 2020",44098,14.050,85.950,298156,1587,1710,1486,44098,35707,15,16,14,635,1587,14.050,85.950
219,"Sep 21, 2020",45078,14.040,85.960,299505,1349,1525,1535,45078,35724,17,19,14,352,1349,14.040,85.960
220,"Sep 22, 2020",45489,13.990,86.010,300897,1392,1442,1558,45489,35738,14,15,15,967,1392,13.990,86.010
221,"Sep 23, 2020",46114,13.940,86.060,302537,1640,1461,1586,46114,35758,20,17,16,995,1640,13.940,86.060
222,"Sep 24, 2020",46780,13.890,86.110,304323,1786,1606,1614,46780,35781,23,19,18,1097,1786,13.890,86.110
223,"Sep 25, 2020",47718,13.850,86.150,306235,1912,1779,1615,47718,35801,20,21,19,954,1912,13.850,86.150
224,"Sep 26, 2020",48593,13.800,86.200,308104,1869,1856,1647,48593,35818,17,20,18,977,1869,13.800,86.200
225,"Sep 27, 2020",49618,13.770,86.230,309870,1766,1849,1674,49618,35835,17,18,18,724,1766,13.770,86.230
226,"Sep 28, 2020",50322,13.730,86.270,311363,1493,1709,1694,50322,35851,16,17,18,773,1493,13.730,86.270
227,"Sep 29, 2020",50629,13.670,86.330,313010,1647,1635,1730,50629,35875,24,19,20,1316,1647,13.670,86.330
228,"Sep 30, 2020",51263,13.620,86.380,314861,1851,1664,1761,51263,35894,19,19,19,1198,1851,13.620,86.380
229,"Oct 01, 2020",52647,13.570,86.430,317409,2548,2015,1869,52647,35918,24,23,20,1140,2548,13.570,86.430
230,"Oct 02, 2020",53996,13.520,86.480,319907,2498,2299,1953,53996,35941,23,22,20,1126,2498,13.520,86.480
231,"Oct 03, 2020",55566,13.460,86.540,322751,2844,2630,2093,55566,35968,27,24,21,1247,2844,13.460,86.540
232,"Oct 04, 2020",57429,13.430,86.570,325329,2578,2640,2208,57429,35986,18,23,22,697,2578,13.430,86.570
233,"Oct 05, 2020",58903,13.400,86.600,327586,2257,2560,2318,58903,36002,16,20,22,767,2257,13.400,86.600
234,"Oct 06, 2020",60133,13.340,86.660,330262,2676,2504,2464,60133,36030,28,21,22,1418,2676,13.340,86.660
235,"Oct 07, 2020",62576,13.290,86.710,333940,3678,2870,2726,62576,36061,31,25,24,1204,3678,13.290,86.710
236,"Oct 08, 2020",65952,13.240,86.760,338398,4458,3604,2998,65952,36083,22,27,23,1060,4458,13.240,86.760
237,"Oct 09, 2020",70110,13.200,86.800,343770,5372,4503,3409,70110,36111,28,27,24,1186,5372,13.200,86.800
238,"Oct 10, 2020",74829,13.160,86.840,349494,5724,5184,3821,74829,36140,29,26,25,976,5724,13.160,86.840
239,"Oct 11, 2020",79075,13.110,86.890,354950,5456,5518,4231,79075,36166,26,28,26,1184,5456,13.110,86.890
240,"Oct 12, 2020",82761,13.080,86.920,359566,4616,5265,4569,82761,36205,39,31,29,891,4616,13.080,86.920
241,"Oct 13, 2020",87193,13.030,86.970,365467,5901,5324,5029,87193,36246,41,36,31,1428,5901,13.030,86.970
242,"Oct 14, 2020",92444,12.940,87.060,372798,7331,5950,5551,92444,36289,43,41,32,2037,7331,12.940,87.060
243,"Oct 15, 2020",99265,12.880,87.120,381601,8803,7345,6172,99265,36372,83,55,41,1899,8803,12.880,87.120
244,"Oct 16, 2020",107312,12.810,87.190,391611,10010,8714,6835,107312,36427,55,61,46,1908,10010,12.810,87.190
245,"Oct 17, 2020",116935,12.770,87.230,402536,10925,9913,7577,116935,36474,47,61,47,1255,10925,12.770,87.230
246,"Oct 18, 2020",126236,12.690,87.310,414240,11704,10880,8470,126236,36543,69,57,54,2334,11704,12.690,87.310
247,"Oct 19, 2020",134000,12.640,87.360,423575,9335,10654,9144,134000,36616,73,63,59,1498,9335,12.640,87.360
248,"Oct 20, 2020",142739,12.580,87.420,434449,10874,10638,9855,142739,36705,89,77,65,2046,10874,12.580,87.420
249,"Oct 21, 2020",155441,12.520,87.480,449647,15198,11802,10978,155441,36832,127,97,78,2369,15198,12.520,87.480
250,"Oct 22, 2020",169302,12.470,87.530,465726,16079,14051,12018,169302,36968,136,117,85,2082,16079,12.470,87.530
251,"Oct 23, 2020",185998,12.400,87.600,484865,19139,16805,13322,185998,37059,91,118,90,2352,19139,12.400,87.600
252,"Oct 24, 2020",203182,12.350,87.650,504509,19644,18287,14568,203182,37210,151,126,106,2309,19644,12.350,87.650
253,"Oct 25, 2020",222236,12.300,87.700,525777,21268,20017,15934,222236,37338,128,123,113,2086,21268,12.300,87.700
254,"Oct 26, 2020",236679,12.240,87.760,542784,17007,19307,17029,236679,37479,141,140,123,2423,17007,12.240,87.760
255,"Oct 27, 2020",255087,12.170,87.830,564775,21991,20088,18618,255087,37700,221,164,143,3362,21991,12.170,87.830
256,"Oct 28, 2020",276455,12.100,87.900,589764,24989,21329,20017,276455,37905,205,189,153,3416,24989,12.100,87.900
257,"Oct 29, 2020",299186,12.010,87.990,616590,26826,24602,21552,299186,38122,217,214,165,3878,26826,12.010,87.990
258,"Oct 30, 2020",325784,11.910,88.090,647672,31082,27633,23258,325784,38321,199,207,180,4285,31082,11.910,88.090
259,"Oct 31, 2020",351384,11.770,88.230,679428,31756,29888,24989,351384,38618,297,238,201,5859,31756,11.770,88.230
260,"Nov 01, 2020",378129,11.720,88.280,709335,29907,30915,26222,378129,38826,208,234,213,2954,29907,11.720,88.280
261,"Nov 02, 2020",396509,11.660,88.340,731585,22250,27971,26972,396509,39059,233,246,225,3637,22250,11.660,88.340
262,"Nov 03, 2020",418140,11.530,88.470,759827,28242,26799,27864,418140,39412,353,265,245,6258,28242,11.530,88.470
263,"Nov 04, 2020",443232,11.450,88.550,790374,30547,27013,28659,443232,39764,352,313,266,5103,30547,11.450,88.550
264,"Nov 05, 2020",472341,11.400,88.600,824872,34498,31096,29755,472341,40192,428,377,295,4961,34498,11.400,88.600
265,"Nov 06, 2020",499116,11.180,88.820,862679,37807,34284,30715,499116,40638,446,409,331,10586,37807,11.180,88.820
266,"Nov 07, 2020",532534,11.100,88.900,902488,39809,37371,31866,532534,41063,425,433,350,5966,39809,11.100,88.900
267,"Nov 08, 2020",558634,11.000,89.000,935102,32614,36744,32252,558634,41394,331,401,366,6183,32614,11.000,89.000
268,"Nov 09, 2020",573326,10.790,89.210,960365,25263,32562,32683,573326,41750,356,370,385,10215,25263,10.790,89.210
269,"Nov 10, 2020",590110,10.440,89.560,995463,35098,30991,33662,590110,42330,580,423,417,17734,35098,10.440,89.560
270,"Nov 11, 2020",613357,10.350,89.650,1028423,32960,31107,34007,613357,42953,623,519,455,9090,32960,10.350,89.650
271,"Nov 12, 2020",635054,10.110,89.890,1066401,37978,35346,34504,635054,43589,636,613,486,15645,37978,10.110,89.890
272,"Nov 13, 2020",663920,9.960,90.040,1107297,40896,37278,34946,663920,44139,550,603,500,11480,40896,9.960,90.040
273,"Nov 14, 2020",688433,9.800,90.200,1144550,37253,38709,34580,688433,44683,544,577,517,12196,37253,9.800,90.200
274,"Nov 15, 2020",712488,9.700,90.300,1178527,33977,37375,34775,712488,45229,546,547,548,9376,33977,9.700,90.300
275,"Nov 16, 2020",717784,9.370,90.630,1205881,27354,32861,35074,717784,45733,504,531,569,21554,27354,9.370,90.630
276,"Nov 17, 2020",733807,9.210,90.790,1238069,32188,31173,34658,733807,46464,731,594,590,15434,32188,9.210,90.790
277,"Nov 18, 2020",743168,8.920,91.080,1272352,34283,31275,34847,743168,47217,753,662,609,24169,34283,8.920,91.080
278,"Nov 19, 2020",761668,8.750,91.250,1308525,36173,34215,34589,761668,47870,653,713,612,17020,36173,8.750,91.250
279,"Nov 20, 2020",777173,8.540,91.460,1345764,37239,35898,34067,777173,48569,699,701,633,21035,37239,8.540,91.460
280,"Nov 21, 2020",791746,8.370,91.630,1380531,34767,36060,33711,791746,49261,692,682,654,19502,34767,8.370,91.630
281,"Nov 22, 2020",805944,8.260,91.740,1408865,28334,33447,32906,805944,49823,562,651,656,13574,28334,8.260,91.740
282,"Nov 23, 2020",796844,7.950,92.050,1431790,22925,28675,32272,796844,50453,630,628,674,31395,22925,7.950,92.050
283,"Nov 24, 2020",798385,7.810,92.190,1455021,23231,24830,30993,798385,51306,853,681,692,20837,23231,7.810,92.190
284,"Nov 25, 2020",791695,7.550,92.450,1480872,25851,24002,29789,791695,52028,722,735,687,31819,25851,7.550,92.450
285,"Nov 26, 2020",795835,7.400,92.600,1509865,28993,26025,28763,795835,52850,822,799,712,24031,28993,7.400,92.600
286,"Nov 27, 2020",787885,7.150,92.850,1538209,28344,27730,27492,787885,53677,827,791,730,35467,28344,7.150,92.850
287,"Nov 28, 2020",789306,7.010,92.990,1564530,26321,27886,26286,789306,54363,686,778,728,24214,26321,7.010,92.990
288,"Nov 29, 2020",795770,6.960,93.040,1585177,20647,25104,25187,795770,54904,541,685,726,13642,20647,6.960,93.040
289,"Nov 30, 2020",788347,6.840,93.160,1601430,16253,21073,24234,788347,55576,672,633,732,23004,16253,6.840,93.160
290,"Dec 01, 2020",779617,6.700,93.300,1620573,19143,18681,23651,779617,56361,785,666,722,27088,19143,6.700,93.300
291,"Dec 02, 2020",760688,6.480,93.520,1641068,20495,18631,22885,760688,57045,684,713,717,38740,20495,6.480,93.520
292,"Dec 03, 2020",759171,6.410,93.590,1664018,22950,20862,22022,759171,58038,993,821,741,23474,22950,6.410,93.590
293,"Dec 04, 2020",756607,6.320,93.680,1687844,23826,22424,21376,756607,58852,814,830,739,25576,23826,6.320,93.680
294,"Dec 05, 2020",752866,6.230,93.770,1708688,20844,22540,20594,752866,59514,662,823,736,23923,20844,6.230,93.770
295,"Dec 06, 2020",753790,6.170,93.830,1727362,18674,21115,20312,753790,60078,564,680,739,17186,18674,6.170,93.830
296,"Dec 07, 2020",747222,6.100,93.900,1740960,13598,17705,19933,747222,60606,528,585,719,19638,13598,6.100,93.900
297,"Dec 08, 2020",735797,6.000,94.000,1755666,14706,15659,19299,735797,61240,634,575,697,25497,14706,6.000,94.000
298,"Dec 09, 2020",708658,5.830,94.170,1768292,12626,13644,18175,708658,61739,499,554,671,39266,12626,5.830,94.170
299,"Dec 10, 2020",694532,5.740,94.260,1785152,16860,14730,17305,694532,62626,887,673,655,30099,16860,5.740,94.260
300,"Dec 11, 2020",688118,5.680,94.320,1803668,18516,16001,16546,688118,63387,761,716,648,24169,18516,5.680,94.320
301,"Dec 12, 2020",682443,5.610,94.390,1823370,19702,18359,16383,682443,64036,649,766,646,24728,19702,5.610,94.390
302,"Dec 13, 2020",683484,5.570,94.430,1841165,17795,18671,16258,683484,64520,484,631,634,16270,17795,5.570,94.430
303,"Dec 14, 2020",672486,5.510,94.490,1853114,11949,16482,16022,672486,65011,491,541,630,22456,11949,5.510,94.490
304,"Dec 15, 2020",664522,5.470,94.530,1867795,14681,14809,16018,664522,65857,846,607,659,21799,14681,5.470,94.530
305,"Dec 16, 2020",642757,5.360,94.640,1885195,17400,14676,16701,642757,66537,680,673,686,38485,17400,5.360,94.640
306,"Dec 17, 2020",632268,5.290,94.710,1903302,18107,16730,16878,632268,67220,683,736,656,27913,18107,5.290,94.710
307,"Dec 18, 2020",627281,5.250,94.750,1921261,17959,17822,16799,627281,67894,674,679,644,22272,17959,5.250,94.750
308,"Dec 19, 2020",619611,5.190,94.810,1937528,16267,17444,16308,619611,68447,553,637,630,23384,16267,5.190,94.810
309,"Dec 20, 2020",622177,5.170,94.830,1952602,15074,16433,15920,622177,68799,352,526,611,12156,15074,5.170,94.830
310,"Dec 21, 2020",612990,5.130,94.870,1963462,10860,14067,15764,612990,69214,415,440,601,19632,10860,5.130,94.870
311,"Dec 22, 2020",605341,5.090,94.910,1976756,13294,13076,15566,605341,69842,628,465,569,20315,13294,5.090,94.910
312,"Dec 23, 2020",598815,5.060,94.940,1991277,14521,12892,15154,598815,70395,553,532,551,20494,14521,5.060,94.940
313,"Dec 24, 2020",593632,5.010,94.990,2009317,18040,15285,15145,593632,70900,505,562,526,22718,18040,5.010,94.990
314,"Dec 25, 2020",579886,4.930,95.070,2028354,19037,17199,15299,579886,71359,459,506,495,32324,19037,4.930,95.070
315,"Dec 26, 2020",580965,4.910,95.090,2038783,10429,15836,14465,580965,71620,261,408,453,9089,10429,4.910,95.090
316,"Dec 27, 2020",581756,4.910,95.090,2047692,8909,12791,13585,581756,71925,305,342,447,7813,8909,4.910,95.090
317,"Dec 28, 2020",575219,4.890,95.110,2056275,8583,9307,13259,575219,72370,445,337,451,14675,8583,4.890,95.110
318,"Dec 29, 2020",568728,4.870,95.130,2067487,11212,9568,12961,568728,73029,659,469,455,17044,11212,4.870,95.130
319,"Dec 30, 2020",564395,4.840,95.160,2083689,16202,11999,13202,564395,73604,575,560,458,19960,16202,4.840,95.160
320,"Dec 31, 2020",569895,4.820,95.180,2107165,23476,16964,13978,569895,74159,555,596,466,17421,23476,4.820,95.180
321,"Jan 01, 2021",574761,4.800,95.200,2129370,22205,20627,14431,574761,74621,462,531,466,16877,22205,4.800,95.200
322,"Jan 02, 2021",577458,4.790,95.210,2141597,12227,19303,14688,577458,74985,364,460,481,9166,12227,4.790,95.210
323,"Jan 03, 2021",576608,4.770,95.230,2155840,14243,16225,15450,576608,75332,347,391,486,14746,14243,4.770,95.230
324,"Jan 04, 2021",570851,4.740,95.260,2166637,10797,12422,15766,570851,75680,348,353,473,16206,10797,4.740,95.260
325,"Jan 05, 2021",569552,4.730,95.270,2182010,15373,13471,16360,569552,76329,649,448,472,16023,15373,4.730,95.270
326,"Jan 06, 2021",569108,4.710,95.290,2202341,20331,15501,16950,569108,76877,548,515,467,20227,20331,4.710,95.290
327,"Jan 07, 2021",571051,4.690,95.310,2220357,18016,17906,16171,571051,77291,414,537,448,15659,18016,4.690,95.310
328,"Jan 08, 2021",570387,4.670,95.330,2237888,17531,18626,15502,570387,77911,620,528,470,17575,17531,4.670,95.330
329,"Jan 09, 2021",572840,4.650,95.350,2257864,19976,18508,16610,572840,78394,483,505,487,17040,19976,4.650,95.350
330,"Jan 10, 2021",579930,4.640,95.360,2276489,18625,18711,17235,579930,78755,361,488,489,11174,18625,4.640,95.360
331,"Jan 11, 2021",575979,4.620,95.380,2289021,12532,17044,17484,575979,79203,448,431,503,16035,12532,4.620,95.380
332,"Jan 12, 2021",570039,4.610,95.390,2303262,14241,15133,17321,570039,79819,616,475,498,19565,14241,4.610,95.390
333,"Jan 13, 2021",564771,4.580,95.420,2319033,15771,14181,16671,564771,80326,507,524,493,20532,15771,4.580,95.420
334,"Jan 14, 2021",561378,4.560,95.440,2336277,17244,15752,16560,561378,80848,522,548,508,20115,17244,4.560,95.440
335,"Jan 15, 2021",558068,4.530,95.470,2352423,16146,16387,16362,558068,81325,477,502,488,18979,16146,4.530,95.470
336,"Jan 16, 2021",557716,4.520,95.480,2368732,16309,16566,15838,557716,81800,475,491,487,16186,16309,4.520,95.480
337,"Jan 17, 2021",553374,4.500,95.500,2381277,12545,15000,14970,553374,82177,377,443,488,16510,12545,4.500,95.500
338,"Jan 18, 2021",547058,4.480,95.520,2390101,8824,12560,14440,547058,82554,377,410,479,14763,8824,4.480,95.520
339,"Jan 19, 2021",535521,4.460,95.540,2400595,10494,10621,13905,535521,83157,603,452,477,21428,10494,4.460,95.540
340,"Jan 20, 2021",523530,4.430,95.570,2414143,13548,10955,13587,523530,83681,524,502,479,25015,13548,4.430,95.570
341,"Jan 21, 2021",516568,4.400,95.600,2428221,14078,12707,13135,516568,84202,521,549,479,20519,14078,4.400,95.600
342,"Jan 22, 2021",502053,4.370,95.630,2441854,13633,13753,12775,502053,84674,472,506,479,27676,13633,4.370,95.630
343,"Jan 23, 2021",498833,4.350,95.650,2455184,13330,13680,12351,498833,85162,488,493,480,16062,13330,4.350,95.650
344,"Jan 24, 2021",499276,4.340,95.660,2466811,11627,12863,12219,499276,85461,299,420,469,10885,11627,4.340,95.660
345,"Jan 25, 2021",491621,4.330,95.670,2475363,8552,11170,12180,491621,85881,420,402,476,15787,8552,4.330,95.670
346,"Jan 26, 2021",482404,4.310,95.690,2485943,10580,10253,12193,482404,86422,541,420,466,19256,10580,4.310,95.690
347,"Jan 27, 2021",477957,4.290,95.710,2501135,15192,11441,12427,477957,86889,467,476,458,19172,15192,4.290,95.710
348,"Jan 28, 2021",474606,4.280,95.720,2515496,14361,13378,12468,474606,87381,492,500,454,17220,14361,4.280,95.720
349,"Jan 29, 2021",467822,4.260,95.740,2529068,13572,14375,12459,467822,87858,477,479,455,19879,13572,4.260,95.740
350,"Jan 30, 2021",463349,4.250,95.750,2541780,12712,13548,12371,463349,88279,421,463,446,16764,12712,4.250,95.750
351,"Jan 31, 2021",453968,4.220,95.780,2553032,11252,12512,12317,453968,88516,237,379,436,20396,11252,4.220,95.780
352,"Feb 01, 2021",447580,4.200,95.800,2560948,7916,10627,12227,447580,88845,329,329,423,13975,7916,4.200,95.800
353,"Feb 02, 2021",437758,4.190,95.810,2570601,9653,9607,12094,437758,89344,499,355,418,18976,9653,4.190,95.810
354,"Feb 03, 2021",434719,4.180,95.820,2583787,13186,10252,11807,434719,89820,476,434,419,15749,13186,4.180,95.820
355,"Feb 04, 2021",430272,4.160,95.840,2597441,13654,12164,11707,430272,90241,421,466,408,17680,13654,4.160,95.840
356,"Feb 05, 2021",429115,4.150,95.850,2611656,14215,13685,11798,429115,90618,377,424,394,14995,14215,4.150,95.850
357,"Feb 06, 2021",427033,4.140,95.860,2625097,13441,13770,11902,427033,91003,385,395,390,15138,13441,4.140,95.860
358,"Feb 07, 2021",427023,4.130,95.870,2636737,11640,13099,11958,427023,91273,270,344,393,11380,11640,4.130,95.870
359,"Feb 08, 2021",419586,4.120,95.880,2644689,7952,11011,11963,419586,91580,307,320,391,15082,7952,4.120,95.880
360,"Feb 09, 2021",413958,4.100,95.900,2655310,10621,10071,12101,413958,92002,422,333,380,15827,10621,4.100,95.900
361,"Feb 10, 2021",410102,4.090,95.910,2668257,12947,10506,12068,410102,92338,336,355,360,16467,12947,4.090,95.910
362,"Feb 11, 2021",405004,4.070,95.930,2683388,15131,12900,12278,405004,92729,391,383,355,19838,15131,4.070,95.930
363,"Feb 12, 2021",402165,4.050,95.950,2697287,13899,13992,12233,402165,93045,316,348,347,16422,13899,4.050,95.950
364,"Feb 13, 2021",401405,4.040,95.960,2710811,13524,14185,12245,401405,93356,311,339,336,13973,13524,4.040,95.960
365,"Feb 14, 2021",402776,4.040,95.960,2721872,11061,12828,12162,402776,93577,221,283,329,9469,11061,4.040,95.960
366,"Feb 15, 2021",398080,4.030,95.970,2729205,7333,10639,12073,398080,93835,258,263,322,11771,7333,4.030,95.970
367,"Feb 16, 2021",393678,4.010,95.990,2739583,10378,9591,12039,393678,94171,336,272,310,14444,10378,4.010,95.990
368,"Feb 17, 2021",388857,4.000,96.000,2751650,12067,9926,11914,388857,94540,369,321,315,16519,12067,4.000,96.000
369,"Feb 18, 2021",384492,3.990,96.010,2765403,13753,12066,11716,384492,94887,347,351,308,17771,13753,3.990,96.010
370,"Feb 19, 2021",382431,3.970,96.030,2780865,15462,13761,11940,382431,95235,348,354,313,17175,15462,3.970,96.030
371,"Feb 20, 2021",384621,3.960,96.040,2795794,14929,14714,12140,384621,95486,251,316,304,12488,14929,3.960,96.040
372,"Feb 21, 2021",388882,3.950,96.050,2809233,13439,14610,12480,388882,95718,232,277,306,8946,13439,3.950,96.050
373,"Feb 22, 2021",387888,3.950,96.050,2818848,9615,12661,12807,387888,95992,274,252,308,10335,9615,3.950,96.050
374,"Feb 23, 2021",387926,3.940,96.060,2832140,13292,12116,13222,387926,96348,356,287,311,12898,13292,3.940,96.060
375,"Feb 24, 2021",389418,3.930,96.070,2848549,16409,13105,13843,389418,96666,318,316,304,14599,16409,3.930,96.070
376,"Feb 25, 2021",396132,3.920,96.080,2868424,19875,16525,14717,396132,96974,308,328,298,12853,19875,3.920,96.080
377,"Feb 26, 2021",404650,3.910,96.090,2888909,20485,18923,15435,404650,97227,253,293,284,11714,20485,3.910,96.090
378,"Feb 27, 2021",411951,3.910,96.090,2907810,18901,19754,16002,411951,97507,280,280,289,11320,18901,3.910,96.090
379,"Feb 28, 2021",422359,3.900,96.100,2925257,17447,18944,16575,422359,97699,192,242,283,6847,17447,3.900,96.100
380,"Mar 01, 2021",424313,3.900,96.100,2938351,13094,16481,17072,424313,97945,246,239,279,10894,13094,3.900,96.100
381,"Mar 02, 2021",430952,3.890,96.110,2955390,17039,15860,17607,430952,98288,343,260,277,10057,17039,3.890,96.110
382,"Mar 03, 2021",437401,3.890,96.110,2976254,20864,16999,18244,437401,98635,347,312,282,14068,20864,3.890,96.110
383,"Mar 04, 2021",446413,3.880,96.120,2999093,22839,20247,18667,446413,98974,339,343,285,13488,22839,3.880,96.120
384,"Mar 05, 2021",456462,3.870,96.130,3023121,24028,22577,19173,456462,99271,297,328,292,13682,24028,3.870,96.130
385,"Mar 06, 2021",465771,3.860,96.140,3046721,23600,23489,19844,465771,99578,307,314,296,13984,23600,3.860,96.140
386,"Mar 07, 2021",472842,3.850,96.150,3067466,20745,22791,20316,472842,99785,207,271,298,13467,20745,3.850,96.150
387,"Mar 08, 2021",472509,3.840,96.160,3081344,13878,19408,20427,472509,100103,318,277,308,13893,13878,3.840,96.160
