Days,Date,0_DeathRate,1_RecoveryRate,2_Cases,3_DailyCases,4_DailyCases- 3-daymovingaverage,5_DailyCases- 7-daymovingaverage,6_CurrentlyInfected,7_Deaths,8_DailyDeaths,9_DailyDeaths- 3-daymovingaverage,10_DailyDeaths- 7-daymovingaverage,11_NewRecoveries,12_NewCases,13_DeathRate,14_RecoveryRate
0,"Feb 15, 2020",0.000,100.000,2,0,0,0,0,0,0,0,0,0,0,0.000,100.000
1,"Feb 16, 2020",0.000,100.000,2,0,0,0,0,0,0,0,0,0,0,0.000,100.000
2,"Feb 17, 2020",0.000,100.000,2,0,0,0,0,0,0,0,0,0,0,0.000,100.000
3,"Feb 18, 2020",0.000,100.000,2,0,0,0,0,0,0,0,0,0,0,0.000,100.000
4,"Feb 19, 2020",0.000,100.000,2,0,0,0,0,0,0,0,0,0,0,0.000,100.000
5,"Feb 20, 2020",0.000,100.000,2,0,0,0,0,0,0,0,0,0,0,0.000,100.000
6,"Feb 21, 2020",0.000,100.000,2,0,0,0,0,0,0,0,0,0,0,0.000,100.000
7,"Feb 22, 2020",0.000,100.000,2,0,0,0,0,0,0,0,0,0,0,0.000,100.000
8,"Feb 23, 2020",0.000,100.000,2,0,0,0,0,0,0,0,0,0,0,0.000,100.000
9,"Feb 24, 2020",0.000,100.000,2,0,0,0,0,0,0,0,0,0,0,0.000,100.000
10,"Feb 25, 2020",0.000,100.000,2,0,0,0,0,0,0,0,0,0,0,0.000,100.000
11,"Feb 26, 2020",0.000,100.000,2,0,0,0,0,0,0,0,0,0,0,0.000,100.000
12,"Feb 27, 2020",0.000,100.000,2,0,0,0,0,0,0,0,0,0,0,0.000,100.000
13,"Feb 28, 2020",0.000,100.000,2,0,0,0,0,0,0,0,0,0,0,0.000,100.000
14,"Feb 29, 2020",0.000,100.000,2,0,0,0,0,0,0,0,0,0,0,0.000,100.000
15,"Mar 01, 2020",0.000,100.000,2,0,0,0,0,0,0,0,0,0,0,0.000,100.000
16,"Mar 02, 2020",0.000,100.000,3,1,0,0,1,0,0,0,0,0,1,0.000,100.000
17,"Mar 03, 2020",0.000,100.000,3,0,1,0,1,0,0,0,0,0,0,0.000,100.000
18,"Mar 04, 2020",0.000,100.000,3,0,0,0,1,0,0,0,0,0,0,0.000,100.000
19,"Mar 05, 2020",0.000,100.000,7,4,1,1,5,0,0,0,0,0,4,0.000,100.000
20,"Mar 06, 2020",0.000,100.000,13,6,4,2,11,0,0,0,0,0,6,0.000,100.000
21,"Mar 07, 2020",0.000,100.000,14,1,3,1,11,0,0,0,0,1,1,0.000,100.000
22,"Mar 08, 2020",0.000,100.000,17,3,4,3,14,0,0,0,0,0,3,0.000,100.000
23,"Mar 09, 2020",0.000,100.000,20,3,2,2,17,0,0,0,0,0,3,0.000,100.000
24,"Mar 10, 2020",0.000,100.000,20,0,2,2,17,0,0,0,0,0,0,0.000,100.000
25,"Mar 11, 2020",0.000,100.000,28,8,4,4,25,0,0,0,0,0,8,0.000,100.000
26,"Mar 12, 2020",0.000,100.000,34,6,4,4,31,0,0,0,0,0,6,0.000,100.000
27,"Mar 13, 2020",0.000,100.000,45,11,9,4,37,0,0,0,0,5,11,0.000,100.000
28,"Mar 14, 2020",0.000,100.000,59,14,10,7,51,0,0,0,0,0,14,0.000,100.000
29,"Mar 15, 2020",0.000,100.000,63,4,10,6,55,0,0,0,0,0,4,0.000,100.000
30,"Mar 16, 2020",0.000,100.000,93,30,16,11,85,0,0,0,0,0,30,0.000,100.000
31,"Mar 17, 2020",0.000,100.000,114,21,18,13,106,0,0,0,0,0,21,0.000,100.000
32,"Mar 18, 2020",0.000,100.000,147,33,28,17,139,0,0,0,0,0,33,0.000,100.000
33,"Mar 19, 2020",11.110,88.890,199,52,35,24,190,1,1,0,0,0,52,11.110,88.890
34,"Mar 20, 2020",7.690,92.310,253,54,47,30,240,1,0,0,0,4,54,7.690,92.310
35,"Mar 21, 2020",5.880,94.120,306,53,53,35,289,1,0,0,0,4,53,5.880,94.120
36,"Mar 22, 2020",5.880,94.120,367,61,56,43,350,1,0,0,0,0,61,5.880,94.120
37,"Mar 23, 2020",5.560,94.440,438,71,61,50,420,1,0,0,0,1,71,5.560,94.440
38,"Mar 24, 2020",4.350,95.650,495,57,63,54,472,1,0,0,0,5,57,4.350,95.650
39,"Mar 25, 2020",9.380,90.630,658,163,97,73,626,3,2,1,0,7,163,9.380,90.630
40,"Mar 26, 2020",7.320,92.680,840,182,134,92,799,3,0,0,1,9,182,7.320,92.680
41,"Mar 27, 2020",8.160,91.840,1036,196,181,111,987,4,1,1,0,7,196,8.160,91.840
42,"Mar 28, 2020",7.550,92.450,1264,228,202,137,1211,4,0,1,0,4,228,7.550,92.450
43,"Mar 29, 2020",11.110,88.890,1534,270,231,167,1462,8,4,1,1,15,270,11.110,88.890
44,"Mar 30, 2020",12.000,88.000,1836,302,267,200,1761,9,1,2,2,2,302,12.000,88.000
45,"Mar 31, 2020",12.320,87.680,2337,501,357,263,2199,17,8,4,2,55,501,12.320,87.680
46,"Apr 01, 2020",11.210,88.790,2777,440,415,303,2563,24,7,6,3,69,440,11.210,88.790
47,"Apr 02, 2020",11.320,88.680,3548,771,570,386,3283,30,6,7,4,45,771,11.320,88.680
48,"Apr 03, 2020",10.790,89.210,4149,601,604,445,3834,34,4,5,4,46,601,10.790,89.210
49,"Apr 04, 2020",11.440,88.560,4731,582,652,495,4355,43,9,7,6,52,582,11.440,88.560
50,"Apr 05, 2020",11.250,88.750,5389,658,613,551,4989,45,2,5,5,22,658,11.250,88.750
51,"Apr 06, 2020",10.380,89.620,6343,954,732,644,5890,47,2,4,5,51,954,10.380,89.620
52,"Apr 07, 2020",10.510,89.490,7497,1154,922,737,6945,58,11,5,6,88,1154,10.510,89.490
53,"Apr 08, 2020",9.800,90.200,8672,1175,1094,842,8029,63,5,6,6,86,1175,9.800,90.200
54,"Apr 09, 2020",9.820,90.180,10131,1459,1263,941,9357,76,13,10,6,118,1459,9.820,90.180
55,"Apr 10, 2020",10.570,89.430,11917,1786,1473,1109,11028,94,18,12,9,97,1786,10.570,89.430
56,"Apr 11, 2020",9.210,90.790,13584,1667,1637,1265,12433,106,12,14,9,250,1667,9.210,90.790
57,"Apr 12, 2020",9.150,90.850,15770,2186,1880,1483,14349,130,24,18,12,246,2186,9.150,90.850
58,"Apr 13, 2020",9.150,90.850,18328,2558,2137,1712,16710,148,18,18,14,179,2558,9.150,90.850
59,"Apr 14, 2020",9.120,90.880,21102,2774,2506,1944,19238,170,22,21,16,224,2774,9.120,90.880
60,"Apr 15, 2020",9.070,90.930,24490,3388,2907,2260,22306,198,28,23,20,292,3388,9.070,90.930
61,"Apr 16, 2020",9.150,90.850,27938,3448,3203,2543,25402,232,34,28,22,318,3448,9.150,90.850
62,"Apr 17, 2020",9.540,90.460,32008,4070,3635,2871,29145,273,41,34,26,286,4070,9.540,90.460
63,"Apr 18, 2020",9.290,90.710,36793,4785,4101,3315,33423,313,40,39,29,467,4785,9.290,90.710
64,"Apr 19, 2020",9.880,90.120,42853,6060,4972,3869,39201,361,48,43,33,234,6060,9.880,90.120
65,"Apr 20, 2020",10.520,89.480,47121,4268,5038,4113,43270,405,44,44,37,155,4268,10.520,89.480
66,"Apr 21, 2020",10.530,89.470,52763,5642,5323,4523,48434,456,51,47,41,427,5642,10.530,89.470
67,"Apr 22, 2020",10.400,89.600,57999,5236,5049,4787,53066,513,57,51,45,547,5236,10.400,89.600
68,"Apr 23, 2020",10.190,89.810,62773,4774,5217,4977,57327,555,42,50,46,471,4774,10.190,89.810
69,"Apr 24, 2020",9.950,90.050,68622,5849,5286,5230,62439,615,60,53,49,677,5849,9.950,90.050
70,"Apr 25, 2020",9.830,90.170,74588,5966,5530,5400,67657,681,66,56,52,682,5966,9.830,90.170
71,"Apr 26, 2020",9.940,90.060,80949,6361,6059,5442,73435,747,66,64,55,517,6361,9.940,90.060
72,"Apr 27, 2020",9.750,90.250,87147,6198,6175,5718,79007,794,47,60,56,579,6198,9.750,90.250
73,"Apr 28, 2020",9.300,90.700,93558,6411,6323,5828,84235,867,73,62,59,1110,6411,9.300,90.700
74,"Apr 29, 2020",8.630,91.370,99399,5841,6150,5914,88141,972,105,75,65,1830,5841,8.630,91.370
75,"Apr 30, 2020",8.450,91.550,106498,7099,6450,6247,93806,1073,101,93,74,1333,7099,8.450,91.550
76,"May 01, 2020",8.120,91.880,114431,7933,6958,6544,100042,1169,96,100,79,1601,7933,8.120,91.880
77,"May 02, 2020",7.530,92.470,124054,9623,8218,7066,107819,1222,53,84,78,1793,9623,7.530,92.470
78,"May 03, 2020",7.140,92.860,134687,10633,9397,7677,116768,1280,58,69,76,1626,10633,7.140,92.860
79,"May 04, 2020",6.970,93.030,145268,10581,10279,8303,125817,1356,76,62,80,1456,10581,6.970,93.030
80,"May 05, 2020",6.810,93.190,155370,10102,10438,8830,134054,1451,95,76,84,1770,10102,6.810,93.190
81,"May 06, 2020",6.720,93.280,165929,10559,10414,9505,143065,1537,86,86,80,1462,10559,6.720,93.280
82,"May 07, 2020",6.390,93.610,177160,11231,10631,10094,151732,1625,88,90,79,2476,11231,6.390,93.610
83,"May 08, 2020",6.080,93.920,187859,10699,10830,10490,159528,1723,98,90,79,2805,10699,6.080,93.920
84,"May 09, 2020",5.410,94.590,198676,10817,10915,10660,164933,1827,104,97,87,5308,10817,5.410,94.590
85,"May 10, 2020",5.290,94.710,209688,11012,10843,10715,173467,1915,88,97,90,2390,11012,5.290,94.710
86,"May 11, 2020",4.810,95.190,221344,11656,11162,10868,179534,2009,94,95,94,5495,11656,4.810,95.190
87,"May 12, 2020",4.640,95.360,232243,10899,11189,10982,186615,2116,107,96,95,3711,10899,4.640,95.360
88,"May 13, 2020",4.410,95.590,242271,10028,10861,10906,192056,2212,96,99,96,4491,10028,4.410,95.590
89,"May 14, 2020",4.130,95.870,252245,9974,10300,10726,196410,2305,93,99,97,5527,9974,4.130,95.870
90,"May 15, 2020",3.990,96.010,262843,10598,10200,10712,202199,2418,113,101,100,4696,10598,3.990,96.010
91,"May 16, 2020",3.860,96.140,272043,9200,9924,10481,206340,2537,119,108,101,4940,9200,3.860,96.140
92,"May 17, 2020",3.760,96.240,281752,9709,9836,10295,211748,2631,94,109,102,4207,9709,3.760,96.240
93,"May 18, 2020",3.730,96.270,290678,8926,9278,9905,217747,2722,91,101,102,2836,8926,3.730,96.270
94,"May 19, 2020",3.590,96.410,299941,9263,9299,9671,220974,2837,115,100,103,5921,9263,3.590,96.410
95,"May 20, 2020",3.360,96.640,308705,8764,8985,9490,220341,2972,135,114,109,9262,8764,3.360,96.640
96,"May 21, 2020",3.240,96.760,317554,8849,8958,9330,221774,3099,127,125,113,7289,8849,3.240,96.760
97,"May 22, 2020",3.150,96.850,326448,8894,8836,9087,223374,3249,150,138,119,7144,8894,3.150,96.850
98,"May 23, 2020",3.040,96.960,335882,9434,9059,9120,224558,3388,139,138,121,8111,9434,3.040,96.960
99,"May 24, 2020",3.030,96.970,344481,8599,8976,8961,227641,3541,153,148,130,5363,8599,3.030,96.970
100,"May 25, 2020",2.970,97.030,353427,8946,8993,8964,230996,3633,92,128,131,5499,8946,2.970,97.030
101,"May 26, 2020",2.820,97.180,362342,8915,8820,8914,227406,3807,174,139,138,12331,8915,2.820,97.180
102,"May 27, 2020",2.710,97.290,370680,8338,8733,8854,224504,3968,161,143,142,11079,8338,2.710,97.290
103,"May 28, 2020",2.670,97.330,379051,8371,8541,8785,223916,4142,174,169,149,8785,8371,2.670,97.330
104,"May 29, 2020",2.670,97.330,387623,8572,8427,8740,223992,4374,232,189,161,8264,8572,2.670,97.330
105,"May 30, 2020",2.650,97.350,396575,8952,8632,8670,224551,4555,181,196,167,8212,8952,2.650,97.350
106,"May 31, 2020",2.660,97.340,405843,9268,8930,8766,229267,4693,138,184,164,4414,9268,2.660,97.340
107,"Jun 01, 2020",2.690,97.310,414878,9035,9085,8779,234146,4855,162,160,175,3994,9035,2.690,97.310
108,"Jun 02, 2020",2.620,97.380,423741,8863,9056,8771,231719,5037,182,161,176,11108,8863,2.620,97.380
109,"Jun 03, 2020",2.590,97.410,432277,8536,8811,8800,231105,5215,178,174,178,8972,8536,2.590,97.410
110,"Jun 04, 2020",2.560,97.440,441108,8831,8743,8865,231101,5384,169,176,177,8666,8831,2.560,97.440
111,"Jun 05, 2020",2.530,97.470,449834,8726,8698,8887,231626,5528,144,164,165,8057,8726,2.530,97.470
112,"Jun 06, 2020",2.520,97.480,458689,8855,8804,8874,231576,5725,197,170,167,8708,8855,2.520,97.480
113,"Jun 07, 2020",2.520,97.480,467673,8984,8855,8832,235083,5859,134,158,167,5343,8984,2.520,97.480
114,"Jun 08, 2020",2.520,97.480,476658,8985,8941,8826,239999,5971,112,148,159,3957,8985,2.520,97.480
115,"Jun 09, 2020",2.470,97.530,485253,8595,8855,8788,236714,6142,171,139,158,11709,8595,2.470,97.530
116,"Jun 10, 2020",2.450,97.550,493657,8404,8661,8768,234516,6358,216,166,163,10386,8404,2.450,97.550
117,"Jun 11, 2020",2.440,97.560,502436,8779,8593,8761,234754,6532,174,187,164,8367,8779,2.440,97.560
118,"Jun 12, 2020",2.430,97.570,511423,8987,8723,8799,235338,6715,183,191,170,8220,8987,2.430,97.570
119,"Jun 13, 2020",2.430,97.570,520129,8706,8824,8777,238659,6829,114,157,158,5271,8706,2.430,97.570
120,"Jun 14, 2020",2.420,97.580,528964,8835,8843,8756,241966,6948,119,139,155,5409,8835,2.420,97.580
121,"Jun 15, 2020",2.430,97.570,537210,8246,8596,8650,245580,7091,143,125,160,4489,8246,2.430,97.570
122,"Jun 16, 2020",2.420,97.580,545458,8248,8443,8601,243868,7284,193,152,163,9767,8248,2.420,97.580
123,"Jun 17, 2020",2.400,97.600,553301,7843,8112,8520,241481,7478,194,176,160,10036,7843,2.400,97.600
124,"Jun 18, 2020",2.380,97.620,561091,7790,7960,8380,239468,7660,182,190,162,9621,7790,2.380,97.620
125,"Jun 19, 2020",2.360,97.640,569063,7972,7869,8234,236816,7841,181,186,160,10443,7972,2.360,97.640
126,"Jun 20, 2020",2.340,97.660,576952,7889,7883,8117,234358,8002,161,174,168,10186,7889,2.340,97.660
127,"Jun 21, 2020",2.330,97.670,584680,7728,7863,7960,236858,8111,109,151,166,5119,7728,2.330,97.670
128,"Jun 22, 2020",2.330,97.670,592280,7600,7739,7867,239658,8206,95,121,159,4705,7600,2.330,97.670
129,"Jun 23, 2020",2.290,97.710,599705,7425,7585,7750,234917,8359,153,119,154,12013,7425,2.290,97.710
130,"Jun 24, 2020",2.260,97.740,606881,7176,7400,7654,229546,8513,154,134,148,12393,7176,2.260,97.740
131,"Jun 25, 2020",2.240,97.760,613994,7113,7238,7557,230225,8605,92,133,135,6342,7113,2.240,97.760
132,"Jun 26, 2020",2.230,97.770,620794,6800,7030,7391,227861,8781,176,141,134,8988,6800,2.230,97.770
133,"Jun 27, 2020",2.230,97.770,627646,6852,6921,7242,225325,8969,188,152,138,9200,6852,2.230,97.770
134,"Jun 28, 2020",2.220,97.780,634437,6791,6815,7108,226277,9073,104,156,138,5735,6791,2.220,97.780
135,"Jun 29, 2020",2.220,97.780,641156,6719,6787,6982,228560,9166,93,128,137,4343,6719,2.220,97.780
136,"Jun 30, 2020",2.210,97.790,647849,6693,6734,6878,225879,9320,154,117,137,9220,6693,2.210,97.790
137,"Jul 01, 2020",2.210,97.790,654405,6556,6656,6789,221938,9536,216,155,146,10281,6556,2.210,97.790
138,"Jul 02, 2020",2.210,97.790,661165,6760,6670,6739,222504,9683,147,172,154,6047,6760,2.210,97.790
139,"Jul 03, 2020",2.200,97.800,667883,6718,6678,6727,220131,9859,176,180,154,8915,6718,2.200,97.800
140,"Jul 04, 2020",2.190,97.810,674515,6632,6703,6695,217609,10027,168,163,151,8986,6632,2.190,97.810
141,"Jul 05, 2020",2.200,97.800,681251,6736,6696,6688,220340,10161,134,160,156,3871,6736,2.200,97.800
142,"Jul 06, 2020",2.220,97.780,687862,6611,6659,6672,223237,10296,135,145,161,3579,6611,2.220,97.780
143,"Jul 07, 2020",2.210,97.790,694230,6368,6572,6626,219856,10494,198,156,168,9551,6368,2.210,97.790
144,"Jul 08, 2020",2.210,97.790,700792,6562,6514,6627,217614,10667,173,169,162,8631,6562,2.210,97.790
145,"Jul 09, 2020",2.200,97.800,707301,6509,6479,6591,215142,10843,176,182,165,8805,6509,2.200,97.800
146,"Jul 10, 2020",2.200,97.800,713936,6635,6569,6579,213851,11017,174,174,166,7752,6635,2.200,97.800
147,"Jul 11, 2020",2.200,97.800,720547,6611,6585,6576,211896,11205,188,180,168,8378,6611,2.200,97.800
148,"Jul 12, 2020",2.210,97.790,727162,6615,6620,6558,214766,11335,130,164,168,3615,6615,2.210,97.790
149,"Jul 13, 2020",2.220,97.780,733699,6537,6588,6548,218239,11439,104,140,163,2960,6537,2.220,97.780
150,"Jul 14, 2020",2.210,97.790,739947,6248,6467,6531,215508,11614,175,137,160,8804,6248,2.210,97.790
151,"Jul 15, 2020",2.200,97.800,746369,6422,6402,6511,211350,11770,156,145,158,10424,6422,2.200,97.800
152,"Jul 16, 2020",2.200,97.800,752797,6428,6366,6500,209168,11937,167,166,156,8443,6428,2.200,97.800
153,"Jul 17, 2020",2.200,97.800,759203,6406,6419,6467,207707,12123,186,169,158,7681,6406,2.200,97.800
154,"Jul 18, 2020",2.190,97.810,765437,6234,6356,6412,206327,12247,124,159,149,7490,6234,2.190,97.810
155,"Jul 19, 2020",2.190,97.810,771546,6109,6249,6341,208860,12342,95,135,144,3481,6109,2.190,97.810
156,"Jul 20, 2020",2.200,97.800,777486,5940,6095,6255,211457,12427,85,102,141,3258,5940,2.200,97.800
157,"Jul 21, 2020",2.190,97.810,783328,5842,5963,6198,208364,12580,153,111,138,8782,5842,2.190,97.810
158,"Jul 22, 2020",2.180,97.820,789190,5862,5882,6117,204392,12745,165,134,139,9669,5862,2.180,97.820
159,"Jul 23, 2020",2.170,97.830,795038,5848,5850,6034,201816,12892,147,155,136,8277,5848,2.170,97.830
160,"Jul 24, 2020",2.170,97.830,800849,5811,5841,5950,199029,13046,154,155,132,8444,5811,2.170,97.830
161,"Jul 25, 2020",2.160,97.840,806720,5871,5843,5897,196388,13192,146,149,135,8366,5871,2.160,97.840
162,"Jul 26, 2020",2.160,97.840,812485,5765,5816,5849,198966,13269,77,126,133,3110,5765,2.160,97.840
163,"Jul 27, 2020",2.170,97.830,818120,5635,5757,5805,201437,13354,85,103,132,3079,5635,2.170,97.830
164,"Jul 28, 2020",2.160,97.840,823515,5395,5598,5741,197794,13504,150,104,132,8888,5395,2.160,97.840
165,"Jul 29, 2020",2.160,97.840,828990,5475,5502,5685,194984,13673,169,134,133,8116,5475,2.160,97.840
166,"Jul 30, 2020",2.140,97.860,834499,5509,5459,5638,191042,13802,129,150,130,9322,5509,2.140,97.860
167,"Jul 31, 2020",2.140,97.860,839981,5482,5489,5590,187608,13963,161,153,131,8755,5482,2.140,97.860
168,"Aug 01, 2020",2.130,97.870,845443,5462,5484,5532,184861,14058,95,128,123,8114,5462,2.130,97.870
169,"Aug 02, 2020",2.130,97.870,850870,5427,5457,5483,186569,14128,70,109,123,3649,5427,2.130,97.870
170,"Aug 03, 2020",2.130,97.870,856264,5394,5428,5449,188464,14207,79,81,122,3420,5394,2.130,97.870
171,"Aug 04, 2020",2.120,97.880,861423,5159,5327,5416,185601,14351,144,98,121,7878,5159,2.120,97.880
172,"Aug 05, 2020",2.120,97.880,866627,5204,5252,5377,183111,14490,139,120,117,7555,5204,2.120,97.880
173,"Aug 06, 2020",2.110,97.890,871894,5267,5210,5342,180931,14606,116,133,115,7331,5267,2.110,97.890
174,"Aug 07, 2020",2.110,97.890,877135,5241,5237,5307,178818,14725,119,125,108,7235,5241,2.110,97.890
175,"Aug 08, 2020",2.110,97.890,882347,5212,5240,5272,177286,14854,129,121,114,6615,5212,2.110,97.890
176,"Aug 09, 2020",2.110,97.890,887536,5189,5214,5238,179183,14931,77,109,115,3215,5189,2.110,97.890
177,"Aug 10, 2020",2.110,97.890,892654,5118,5173,5199,180972,15001,70,92,113,3259,5118,2.110,97.890
178,"Aug 11, 2020",2.110,97.890,897599,4945,5084,5168,179293,15131,130,92,112,6494,4945,2.110,97.890
179,"Aug 12, 2020",2.100,97.900,902701,5102,5055,5153,177143,15260,129,110,110,7123,5102,2.100,97.900
180,"Aug 13, 2020",2.100,97.900,907758,5057,5035,5124,175978,15384,124,127,111,6098,5057,2.100,97.900
181,"Aug 14, 2020",2.100,97.900,912823,5065,5075,5098,174361,15498,114,123,110,6568,5065,2.100,97.900
182,"Aug 15, 2020",2.100,97.900,917884,5061,5061,5077,172856,15617,119,119,109,6447,5061,2.100,97.900
183,"Aug 16, 2020",2.100,97.900,922853,4969,5031,5045,174200,15685,68,100,108,3557,4969,2.100,97.900
184,"Aug 17, 2020",2.090,97.910,927745,4892,4974,5013,175904,15740,55,81,106,3133,4892,2.090,97.910
185,"Aug 18, 2020",2.090,97.910,932493,4748,4870,4985,173993,15872,132,85,105,6527,4748,2.090,97.910
186,"Aug 19, 2020",2.090,97.910,937321,4828,4823,4946,171909,15989,117,101,105,6795,4828,2.090,97.910
187,"Aug 20, 2020",2.090,97.910,942106,4785,4787,4907,170494,16099,110,120,102,6090,4785,2.090,97.910
188,"Aug 21, 2020",2.080,97.920,946976,4870,4827,4879,169457,16189,90,105,98,5817,4870,2.080,97.920
189,"Aug 22, 2020",2.080,97.920,951897,4921,4859,4859,168110,16310,121,107,99,6147,4921,2.080,97.920
190,"Aug 23, 2020",2.080,97.920,956749,4852,4881,4842,169727,16383,73,95,100,3162,4852,2.080,97.920
191,"Aug 24, 2020",2.080,97.920,961493,4744,4839,4821,171950,16448,65,86,101,2456,4744,2.080,97.920
192,"Aug 25, 2020",2.080,97.920,966189,4696,4764,4814,169874,16568,120,86,100,6652,4696,2.080,97.920
193,"Aug 26, 2020",2.080,97.920,970865,4676,4705,4792,168032,16683,115,100,99,6403,4676,2.080,97.920
194,"Aug 27, 2020",2.080,97.920,975576,4711,4695,4781,166211,16804,121,119,101,6411,4711,2.080,97.920
195,"Aug 28, 2020",2.070,97.930,980405,4829,4738,4776,165025,16914,110,115,103,5905,4829,2.070,97.930
196,"Aug 29, 2020",2.070,97.930,985346,4941,4827,4778,163938,17025,111,114,102,5917,4941,2.070,97.930
197,"Aug 30, 2020",2.070,97.930,990326,4980,4917,4797,166251,17093,68,97,102,2599,4980,2.070,97.930
198,"Aug 31, 2020",2.080,97.920,995319,4993,4971,4832,168756,17176,83,87,104,2405,4993,2.080,97.920
199,"Sep 01, 2020",2.080,97.920,1000048,4729,4901,4837,167044,17299,123,91,104,6318,4729,2.080,97.920
200,"Sep 02, 2020",2.080,97.920,1005000,4952,4891,4877,166417,17414,115,107,105,5464,4952,2.080,97.920
201,"Sep 03, 2020",2.080,97.920,1009995,4995,4892,4917,165532,17528,114,118,103,5766,4995,2.080,97.920
202,"Sep 04, 2020",2.080,97.920,1015105,5110,5019,4957,164709,17649,121,116,105,5812,5110,2.080,97.920
203,"Sep 05, 2020",2.070,97.930,1020310,5205,5104,4995,164425,17759,110,115,105,5379,5205,2.070,97.930
204,"Sep 06, 2020",2.080,97.920,1025505,5195,5170,5025,166736,17820,61,98,104,2823,5195,2.080,97.920
205,"Sep 07, 2020",2.080,97.920,1030690,5185,5195,5053,169542,17871,51,74,99,2328,5185,2.080,97.920
206,"Sep 08, 2020",2.070,97.930,1035789,5099,5159,5106,167747,17993,122,78,99,6772,5099,2.070,97.930
207,"Sep 09, 2020",2.070,97.930,1041007,5218,5168,5144,166414,18135,142,105,103,6409,5218,2.070,97.930
208,"Sep 10, 2020",2.070,97.930,1046370,5363,5226,5196,165734,18263,128,130,105,5915,5363,2.070,97.930
209,"Sep 11, 2020",2.070,97.930,1051874,5504,5362,5253,165402,18365,102,124,102,5734,5504,2.070,97.930
210,"Sep 12, 2020",2.070,97.930,1057362,5488,5452,5293,165343,18484,119,117,104,5428,5488,2.070,97.930
211,"Sep 13, 2020",2.080,97.920,1062811,5449,5480,5330,168008,18578,94,105,108,2690,5449,2.080,97.920
212,"Sep 14, 2020",2.080,97.920,1068320,5509,5482,5375,170985,18635,57,90,109,2475,5509,2.080,97.920
213,"Sep 15, 2020",2.080,97.920,1073849,5529,5496,5437,170759,18785,150,100,114,5605,5529,2.080,97.920
214,"Sep 16, 2020",2.080,97.920,1079519,5670,5569,5502,170488,18917,132,113,111,5809,5670,2.080,97.920
215,"Sep 17, 2020",2.080,97.920,1085281,5762,5654,5559,170352,19061,144,142,114,5754,5762,2.080,97.920
216,"Sep 18, 2020",2.090,97.910,1091186,5905,5779,5616,170784,19195,134,137,119,5339,5905,2.090,97.910
217,"Sep 19, 2020",2.090,97.910,1097251,6065,5910,5698,171450,19339,144,140,122,5255,6065,2.090,97.910
218,"Sep 20, 2020",2.090,97.910,1103399,6148,6040,5799,174624,19418,79,119,120,2895,6148,2.090,97.910
219,"Sep 21, 2020",2.090,97.910,1109595,6196,6136,5896,178133,19489,71,98,122,2616,6196,2.090,97.910
220,"Sep 22, 2020",2.100,97.900,1115810,6215,6186,5994,178212,19649,160,104,123,5976,6215,2.100,97.900
221,"Sep 23, 2020",2.100,97.900,1122241,6431,6281,6104,178743,19799,150,127,126,5750,6431,2.100,97.900
222,"Sep 24, 2020",2.100,97.900,1128836,6595,6414,6222,179059,19948,149,153,127,6130,6595,2.100,97.900
223,"Sep 25, 2020",2.100,97.900,1136048,7212,6746,6409,181846,20056,108,135,123,4317,7212,2.100,97.900
224,"Sep 26, 2020",2.110,97.890,1143571,7523,7110,6617,183196,20225,169,142,127,6004,7523,2.110,97.890
225,"Sep 27, 2020",2.110,97.890,1151438,7867,7534,6862,187896,20324,99,126,129,3068,7867,2.110,97.890
226,"Sep 28, 2020",2.110,97.890,1159573,8135,7841,7140,193268,20385,61,109,128,2702,8135,2.110,97.890
227,"Sep 29, 2020",2.110,97.890,1167805,8232,8078,7428,194861,20545,160,107,128,6479,8232,2.110,97.890
228,"Sep 30, 2020",2.120,97.880,1176286,8481,8283,7721,197307,20722,177,133,132,5858,8481,2.120,97.880
229,"Oct 01, 2020",2.120,97.880,1185231,8945,8553,8056,200098,20891,169,168,135,5985,8945,2.120,97.880
230,"Oct 02, 2020",2.130,97.870,1194643,9412,8946,8371,203270,21077,186,178,146,6054,9412,2.130,97.870
231,"Oct 03, 2020",2.130,97.870,1204502,9859,9405,8704,207392,21251,174,176,146,5563,9859,2.130,97.870
232,"Oct 04, 2020",2.130,97.870,1215001,10499,9923,9081,214500,21358,107,156,148,3284,10499,2.130,97.870
233,"Oct 05, 2020",2.140,97.860,1225889,10888,10416,9473,222090,21475,117,132,156,3181,10888,2.140,97.860
234,"Oct 06, 2020",2.140,97.860,1237504,11615,11000,9957,227265,21663,188,138,159,6252,11615,2.140,97.860
235,"Oct 07, 2020",2.150,97.850,1248619,11115,11206,10334,231479,21865,202,169,164,6699,11115,2.150,97.850
236,"Oct 08, 2020",2.150,97.850,1260112,11493,11408,10697,235727,22056,191,193,166,7054,11493,2.150,97.850
237,"Oct 09, 2020",2.160,97.840,1272238,12126,11578,11085,240560,22257,201,198,169,7092,12126,2.160,97.840
238,"Oct 10, 2020",2.160,97.840,1285084,12846,12155,11512,246428,22454,197,197,171,6781,12846,2.160,97.840
239,"Oct 11, 2020",2.170,97.830,1298718,13634,12869,11959,255679,22597,143,180,177,4240,13634,2.170,97.830
240,"Oct 12, 2020",2.170,97.830,1312310,13592,13357,12346,265353,22722,125,155,179,3793,13592,2.170,97.830
241,"Oct 13, 2020",2.180,97.820,1326178,13868,13698,12668,271427,22966,244,171,186,7550,13868,2.180,97.820
242,"Oct 14, 2020",2.180,97.820,1340409,14231,13897,13113,277499,23205,239,202,191,7920,14231,2.180,97.820
243,"Oct 15, 2020",2.190,97.810,1354163,13754,13951,13436,282575,23491,286,257,205,8392,13754,2.190,97.810
244,"Oct 16, 2020",2.200,97.800,1369313,15150,14378,13867,289008,23723,232,252,210,8485,15150,2.200,97.800
245,"Oct 17, 2020",2.200,97.800,1384235,14922,14609,14165,295034,24002,279,266,221,8617,14922,2.200,97.800
246,"Oct 18, 2020",2.210,97.790,1399334,15099,15057,14374,304571,24187,185,232,227,5377,15099,2.210,97.790
247,"Oct 19, 2020",2.210,97.790,1415316,15982,15334,14715,315046,24366,179,214,235,5328,15982,2.210,97.790
248,"Oct 20, 2020",2.220,97.780,1431635,16319,15800,15065,321392,24635,269,211,238,9704,16319,2.220,97.780
249,"Oct 21, 2020",2.220,97.780,1447335,15700,16001,15275,325823,24952,317,255,250,10952,15700,2.220,97.780
250,"Oct 22, 2020",2.230,97.770,1463306,15971,15996,15592,330076,25242,290,292,250,11428,15971,2.230,97.770
251,"Oct 23, 2020",2.230,97.770,1480646,17340,16337,15905,335870,25525,283,297,257,11263,17340,2.230,97.770
252,"Oct 24, 2020",2.230,97.770,1497167,16521,16611,16133,340528,25821,296,289,260,11567,16521,2.230,97.770
253,"Oct 25, 2020",2.240,97.760,1513877,16710,16857,16363,349305,26050,229,270,266,7704,16710,2.240,97.760
254,"Oct 26, 2020",2.240,97.760,1531224,17347,16859,16558,358859,26269,219,248,272,7574,17347,2.240,97.760
255,"Oct 27, 2020",2.240,97.760,1547774,16550,16869,16592,362245,26589,320,256,279,12844,16550,2.240,97.760
256,"Oct 28, 2020",2.250,97.750,1563976,16202,16700,16663,365740,26935,346,295,284,12361,16202,2.250,97.750
257,"Oct 29, 2020",2.250,97.750,1581693,17717,16823,16912,368351,27301,366,344,294,14740,17717,2.250,97.750
258,"Oct 30, 2020",2.250,97.750,1599976,18283,17401,17047,371760,27656,355,355,304,14519,18283,2.250,97.750
259,"Oct 31, 2020",2.250,97.750,1618116,18140,18046,17279,374712,27990,334,352,310,14854,18140,2.250,97.750
260,"Nov 01, 2020",2.250,97.750,1636781,18665,18363,17557,382873,28235,245,311,312,10259,18665,2.250,97.750
261,"Nov 02, 2020",2.250,97.750,1655038,18257,18354,17688,390532,28473,238,273,315,10360,18257,2.250,97.750
262,"Nov 03, 2020",2.250,97.750,1673686,18648,18523,17988,393494,28828,355,279,320,15331,18648,2.250,97.750
263,"Nov 04, 2020",2.250,97.750,1693454,19768,18891,18496,397306,29217,389,327,326,15567,19768,2.250,97.750
264,"Nov 05, 2020",2.250,97.750,1712858,19404,19274,18738,404180,29509,292,346,315,12238,19404,2.250,97.750
265,"Nov 06, 2020",2.250,97.750,1733440,20582,19918,19067,407429,29887,378,353,319,16955,20582,2.250,97.750
266,"Nov 07, 2020",2.250,97.750,1753836,20396,20127,19388,410658,30251,364,344,323,16803,20396,2.250,97.750
267,"Nov 08, 2020",2.250,97.750,1774334,20498,20492,19651,419378,30537,286,343,329,11492,20498,2.250,97.750
268,"Nov 09, 2020",2.250,97.750,1796132,21798,20897,20156,430198,30793,256,302,331,10722,21798,2.250,97.750
269,"Nov 10, 2020",2.250,97.750,1817109,20977,21091,20489,435207,31161,368,303,334,15600,20977,2.250,97.750
270,"Nov 11, 2020",2.260,97.740,1836960,19851,20876,20501,436010,31593,432,352,339,18616,19851,2.260,97.740
271,"Nov 12, 2020",2.260,97.740,1858568,21608,20812,20815,438368,32032,439,413,360,18811,21608,2.260,97.740
272,"Nov 13, 2020",2.250,97.750,1880551,21983,21147,21016,441205,32443,411,428,366,18735,21983,2.250,97.750
273,"Nov 14, 2020",2.250,97.750,1903253,22702,22098,21346,444890,32834,391,413,369,18626,22702,2.250,97.750
274,"Nov 15, 2020",2.250,97.750,1925825,22572,22419,21641,452654,33186,352,385,378,14456,22572,2.250,97.750
275,"Nov 16, 2020",2.250,97.750,1948603,22778,22684,21782,461265,33489,303,349,385,13864,22778,2.250,97.750
276,"Nov 17, 2020",2.250,97.750,1971013,22410,22586,21986,461178,33931,442,365,396,22055,22410,2.250,97.750
277,"Nov 18, 2020",2.240,97.760,1991998,20985,22058,22148,456528,34387,456,401,399,25179,20985,2.240,97.760
278,"Nov 19, 2020",2.230,97.770,2015608,23610,22335,22435,454102,34850,463,453,403,25573,23610,2.230,97.770
279,"Nov 20, 2020",2.230,97.770,2039926,24318,22971,22767,453201,35311,461,460,409,24758,24318,2.230,97.770
280,"Nov 21, 2020",2.220,97.780,2064748,24822,24250,23071,451535,35778,467,464,421,26021,24822,2.220,97.780
281,"Nov 22, 2020",2.220,97.780,2089329,24581,24574,23358,457707,36179,401,443,427,18008,24581,2.220,97.780
282,"Nov 23, 2020",2.220,97.780,2114502,25173,24858,23700,466517,36540,361,410,436,16002,25173,2.220,97.780
283,"Nov 24, 2020",2.220,97.780,2138828,24326,24694,23973,467126,37031,491,417,443,23226,24326,2.220,97.780
284,"Nov 25, 2020",2.210,97.790,2162503,23675,24391,24358,464546,37538,507,453,450,25748,23675,2.210,97.790
285,"Nov 26, 2020",2.210,97.790,2187990,25487,24496,24626,464436,38062,524,508,459,25073,25487,2.210,97.790
286,"Nov 27, 2020",2.200,97.800,2215533,27543,25568,25087,464801,38558,496,509,464,26682,27543,2.200,97.800
287,"Nov 28, 2020",2.200,97.800,2242633,27100,26710,25412,464095,39068,510,510,470,27296,27100,2.200,97.800
288,"Nov 29, 2020",2.190,97.810,2269316,26683,27109,25712,468332,39527,459,488,478,21987,26683,2.190,97.810
289,"Nov 30, 2020",2.190,97.810,2295654,26338,26707,25879,477055,39895,368,446,480,17247,26338,2.190,97.810
290,"Dec 01, 2020",2.190,97.810,2322056,26402,26474,26176,478125,40464,569,465,490,24763,26402,2.190,97.810
291,"Dec 02, 2020",2.190,97.810,2347401,25345,26029,26414,475999,41053,589,509,502,26882,25345,2.190,97.810
292,"Dec 03, 2020",2.190,97.810,2375546,28145,26630,26793,474088,41607,554,570,507,29502,28145,2.190,97.810
293,"Dec 04, 2020",2.180,97.820,2402949,27403,26965,26774,472021,42176,569,571,516,28901,27403,2.180,97.820
294,"Dec 05, 2020",2.180,97.820,2431731,28782,28110,27014,472651,42684,508,544,517,27644,28782,2.180,97.820
295,"Dec 06, 2020",2.180,97.820,2460770,29039,28408,27351,479891,43141,457,511,516,21342,29039,2.180,97.820
296,"Dec 07, 2020",2.180,97.820,2488912,28142,28654,27608,488727,43597,456,474,529,18850,28142,2.180,97.820
297,"Dec 08, 2020",2.180,97.820,2515009,26097,27759,27565,489324,44159,562,491,528,24938,26097,2.180,97.820
298,"Dec 09, 2020",2.180,97.820,2541199,26190,26810,27685,488689,44718,559,526,524,26266,26190,2.180,97.820
299,"Dec 10, 2020",2.180,97.820,2569126,27927,26738,27654,490177,45280,562,561,524,25877,27927,2.180,97.820
300,"Dec 11, 2020",2.180,97.820,2597711,28585,27567,27824,491978,45893,613,578,531,26171,28585,2.180,97.820
301,"Dec 12, 2020",2.180,97.820,2625848,28137,28217,27731,493437,46453,560,578,539,26118,28137,2.180,97.820
302,"Dec 13, 2020",2.180,97.820,2653928,28080,28267,27594,500752,46941,488,554,543,20277,28080,2.180,97.820
303,"Dec 14, 2020",2.180,97.820,2681256,27328,27848,27477,509068,47391,450,499,542,18562,27328,2.180,97.820
304,"Dec 15, 2020",2.180,97.820,2707945,26689,27366,27563,510367,47968,577,505,544,24813,26689,2.180,97.820
305,"Dec 16, 2020",2.180,97.820,2734454,26509,26842,27607,509790,48564,596,541,549,26490,26509,2.180,97.820
306,"Dec 17, 2020",2.180,97.820,2762668,28214,27137,27649,510977,49151,587,587,553,26440,28214,2.180,97.820
307,"Dec 18, 2020",2.180,97.820,2791220,28552,27759,27644,512825,49762,611,598,553,26093,28552,2.180,97.820
308,"Dec 19, 2020",2.180,97.820,2819429,28209,28325,27655,514340,50347,585,594,556,26109,28209,2.180,97.820
309,"Dec 20, 2020",2.190,97.810,2848377,28948,28569,27778,521862,50858,511,569,560,20915,28948,2.190,97.810
310,"Dec 21, 2020",2.190,97.810,2877727,29350,28836,28068,531014,51351,493,530,565,19705,29350,2.190,97.810
311,"Dec 22, 2020",2.190,97.810,2906503,28776,29025,28365,535071,51912,561,522,564,24158,28776,2.190,97.810
312,"Dec 23, 2020",2.190,97.810,2933753,27250,28458,28471,537325,52461,549,534,557,24447,27250,2.190,97.810
313,"Dec 24, 2020",2.190,97.810,2963688,29935,28654,28717,539735,53096,635,582,563,26890,29935,2.190,97.810
314,"Dec 25, 2020",2.190,97.810,2992706,29018,28734,28784,540793,53659,563,582,557,27397,29018,2.190,97.810
315,"Dec 26, 2020",2.190,97.810,3021964,29258,29404,28934,541299,54226,567,588,554,28185,29258,2.190,97.810
316,"Dec 27, 2020",2.190,97.810,3050248,28284,28853,28838,544641,54778,552,561,560,24390,28284,2.190,97.810
317,"Dec 28, 2020",2.190,97.810,3078035,27787,28443,28616,551461,55265,487,535,559,20480,27787,2.190,97.810
318,"Dec 29, 2020",2.190,97.810,3105037,27002,27691,28362,553027,55827,562,534,559,24874,27002,2.190,97.810
319,"Dec 30, 2020",2.190,97.810,3131550,26513,27101,28257,549706,56426,599,549,567,29235,26513,2.190,97.810
320,"Dec 31, 2020",2.180,97.820,3159297,27747,27087,27944,547938,57019,593,585,560,28922,27747,2.180,97.820
321,"Jan 01, 2021",2.180,97.820,3186336,27039,27100,27661,548643,57555,536,576,557,25798,27039,2.180,97.820
322,"Jan 02, 2021",2.180,97.820,3212637,26301,27029,27239,555600,58002,447,525,539,18897,26301,2.180,97.820
323,"Jan 03, 2021",2.190,97.810,3236787,24150,25830,26649,559399,58506,504,496,533,19847,24150,2.190,97.810
324,"Jan 04, 2021",2.190,97.810,3260138,23351,24601,26014,561114,58988,482,478,532,21154,23351,2.190,97.810
325,"Jan 05, 2021",2.190,97.810,3284384,24246,23915,25621,562210,59506,518,501,525,22632,24246,2.190,97.810
326,"Jan 06, 2021",2.180,97.820,3308601,24217,23938,25293,562927,59951,445,482,504,23055,24217,2.180,97.820
327,"Jan 07, 2021",2.180,97.820,3332142,23541,24002,24692,562233,60457,506,489,491,23729,23541,2.180,97.820
328,"Jan 08, 2021",2.180,97.820,3355794,23652,23803,24209,563754,60911,454,469,479,21677,23652,2.180,97.820
329,"Jan 09, 2021",2.180,97.820,3379103,23309,23501,23781,562913,61381,470,476,483,23680,23309,2.180,97.820
330,"Jan 10, 2021",2.180,97.820,3401954,22851,23270,23595,561228,61837,456,460,476,24080,22851,2.180,97.820
331,"Jan 11, 2021",2.180,97.820,3425269,23315,23159,23590,562321,62273,436,454,469,21786,23315,2.180,97.820
332,"Jan 12, 2021",2.170,97.830,3448203,22934,23033,23403,559969,62804,531,475,471,24755,22934,2.170,97.830
333,"Jan 13, 2021",2.170,97.830,3471053,22850,23033,23207,553595,63370,566,511,489,28658,22850,2.170,97.830
334,"Jan 14, 2021",2.170,97.830,3495816,24763,23516,23382,549832,63940,570,555,497,27956,24763,2.170,97.830
335,"Jan 15, 2021",2.170,97.830,3520531,24715,24109,23534,546356,64495,555,564,512,27636,24715,2.170,97.830
336,"Jan 16, 2021",2.170,97.830,3544623,24092,24523,23646,542547,65085,590,572,530,27311,24092,2.170,97.830
337,"Jan 17, 2021",2.170,97.830,3568209,23586,24131,23750,542212,65566,481,542,532,23440,23586,2.170,97.830
338,"Jan 18, 2021",2.170,97.830,3591066,22857,23512,23686,546265,66037,471,514,538,18333,22857,2.170,97.830
339,"Jan 19, 2021",2.170,97.830,3612800,21734,22726,23514,544151,66623,586,512,546,23262,21734,2.170,97.830
340,"Jan 20, 2021",2.170,97.830,3633952,21152,21914,23271,539416,67220,597,552,550,25290,21152,2.170,97.830
341,"Jan 21, 2021",2.170,97.830,3655839,21887,21591,22860,533789,67832,612,598,556,26902,21887,2.170,97.830
342,"Jan 22, 2021",2.170,97.830,3677352,21513,21517,22403,527404,68412,580,596,559,27318,21513,2.170,97.830
343,"Jan 23, 2021",2.170,97.830,3698273,20921,21441,21950,519987,68971,559,584,555,27779,20921,2.170,97.830
344,"Jan 24, 2021",2.170,97.830,3719400,21127,21187,21599,518178,69462,491,543,557,22445,21127,2.170,97.830
345,"Jan 25, 2021",2.170,97.830,3738690,19290,20446,21089,518009,69918,456,502,554,19003,19290,2.170,97.830
346,"Jan 26, 2021",2.170,97.830,3756931,18241,19552,20590,511888,70482,564,504,552,23798,18241,2.170,97.830
347,"Jan 27, 2021",2.170,97.830,3774672,17741,18424,20103,501113,71076,594,538,550,27922,17741,2.170,97.830
348,"Jan 28, 2021",2.170,97.830,3793810,19138,18374,19710,492901,71651,575,578,546,26775,19138,2.170,97.830
349,"Jan 29, 2021",2.170,97.830,3813048,19238,18705,19385,485401,72185,534,567,539,26204,19238,2.170,97.830
350,"Jan 30, 2021",2.170,97.830,3832080,19032,19136,19116,479419,72697,512,541,532,24502,19032,2.170,97.830
351,"Jan 31, 2021",2.170,97.830,3850439,18359,18877,18720,477253,73182,485,510,532,20040,18359,2.170,97.830
352,"Feb 01, 2021",2.170,97.830,3868087,17648,18346,18485,476295,73619,437,478,528,18169,17648,2.170,97.830
353,"Feb 02, 2021",2.170,97.830,3884730,16643,17550,18257,470027,74158,539,487,526,22372,16643,2.170,97.830
354,"Feb 03, 2021",2.170,97.830,3901204,16474,16922,18076,461153,74684,526,501,515,24822,16474,2.170,97.830
355,"Feb 04, 2021",2.170,97.830,3917918,16714,16610,17730,452800,75205,521,528,508,24546,16714,2.170,97.830
356,"Feb 05, 2021",2.170,97.830,3934606,16688,16625,17365,445379,75732,527,525,506,23582,16688,2.170,97.830
357,"Feb 06, 2021",2.170,97.830,3951233,16627,16677,17022,438678,76229,497,515,505,22831,16627,2.170,97.830
358,"Feb 07, 2021",2.170,97.830,3967281,16048,16454,16692,434410,76661,432,485,497,19884,16048,2.170,97.830
359,"Feb 08, 2021",2.170,97.830,3983197,15916,16197,16444,434038,77068,407,446,493,15881,15916,2.170,97.830
360,"Feb 09, 2021",2.170,97.830,3998216,15019,15661,16212,426732,77598,530,456,491,21795,15019,2.170,97.830
361,"Feb 10, 2021",2.170,97.830,4012710,14494,15143,15930,418115,78134,536,491,493,22575,14494,2.170,97.830
362,"Feb 11, 2021",2.180,97.820,4027748,15038,14850,15690,410639,78687,553,540,497,21961,15038,2.180,97.820
363,"Feb 12, 2021",2.180,97.820,4042837,15089,14874,15461,404501,79194,507,532,495,20720,15089,2.180,97.820
364,"Feb 13, 2021",2.180,97.820,4057698,14861,14996,15209,400095,79696,502,520,495,18765,14861,2.180,97.820
365,"Feb 14, 2021",2.180,97.820,4071883,14185,14712,14944,398656,80126,430,480,495,15194,14185,2.180,97.820
366,"Feb 15, 2021",2.180,97.820,4086090,14207,14417,14699,398534,80520,394,442,493,13935,14207,2.180,97.820
367,"Feb 16, 2021",2.190,97.810,4099323,13233,13875,14443,393681,80979,459,428,483,17627,13233,2.190,97.810
368,"Feb 17, 2021",2.190,97.810,4112151,12828,13423,14206,388123,81446,467,440,474,17919,12828,2.190,97.810
369,"Feb 18, 2021",2.190,97.810,4125598,13447,13169,13979,382360,81926,480,468,462,18730,13447,2.190,97.810
370,"Feb 19, 2021",2.190,97.810,4139031,13433,13236,13742,376686,82396,470,473,458,18637,13433,2.190,97.810
371,"Feb 20, 2021",2.190,97.810,4151984,12953,13278,13469,371675,82876,480,476,454,17484,12953,2.190,97.810
372,"Feb 21, 2021",2.190,97.810,4164726,12742,13043,13264,367988,83293,417,456,452,16012,12742,2.190,97.810
373,"Feb 22, 2021",2.200,97.800,4177330,12604,12766,13034,367312,83630,337,411,445,12943,12604,2.200,97.800
374,"Feb 23, 2021",2.200,97.800,4189153,11823,12390,12833,365762,84047,417,391,438,12956,11823,2.200,97.800
375,"Feb 24, 2021",2.200,97.800,4200902,11749,12058,12678,364910,84430,383,379,426,12218,11749,2.200,97.800
376,"Feb 25, 2021",2.200,97.800,4212100,11198,11590,12358,359560,84876,446,415,422,16102,11198,2.200,97.800
377,"Feb 26, 2021",2.200,97.800,4223186,11086,11345,12022,354496,85304,428,419,415,15722,11086,2.200,97.800
378,"Feb 27, 2021",2.210,97.790,4234720,11534,11272,11819,349571,85743,439,438,410,16020,11534,2.210,97.790
379,"Feb 28, 2021",2.210,97.790,4246079,11359,11327,11622,348160,86122,379,415,404,12391,11359,2.210,97.790
380,"Mar 01, 2021",2.210,97.790,4257650,11571,11488,11475,348121,86455,333,384,403,11277,11571,2.210,97.790
381,"Mar 02, 2021",2.210,97.790,4268215,10565,11165,11294,343279,86896,441,384,407,14966,10565,2.210,97.790
382,"Mar 03, 2021",2.220,97.780,4278750,10535,10890,11121,337668,87348,452,409,417,15694,10535,2.220,97.780
383,"Mar 04, 2021",2.220,97.780,4290135,11385,10828,11148,332455,87823,475,456,421,16123,11385,2.220,97.780
384,"Mar 05, 2021",2.220,97.780,4301159,11024,10982,11139,327553,88285,462,463,426,15464,11024,2.220,97.780
385,"Mar 06, 2021",2.220,97.780,4312181,11022,11143,11066,323107,88726,441,459,426,15027,11022,2.220,97.780
386,"Mar 07, 2021",2.230,97.770,4322776,10595,10881,10957,321758,89094,368,424,425,11576,10595,2.230,97.770
387,"Mar 08, 2021",2.230,97.770,4333029,10253,10623,10768,321310,89473,379,396,431,10322,10253,2.230,97.770
